1	267.28283691406	267.28283691406	267.28283691406	267.28283691406	267.28283691406	267.28283691406	267.28283691406	267.28283691406	267.28283691406
2	267.28283691406	267.28283691406	267.28283691406	267.28283691406	267.28283691406	267.28283691406	267.28283691406	267.28283691406	267.28283691406
3	267.28283691406	267.28283691406	267.28283691406	267.28283691406	267.28283691406	267.28283691406	267.28283691406	267.28283691406	267.28283691406
4	267.28283691406	267.28283691406	267.28283691406	267.28283691406	267.28283691406	267.28283691406	267.28283691406	267.28283691406	267.28283691406
5	267.28283691406	267.28283691406	267.28283691406	267.28283691406	267.28283691406	267.28283691406	267.28283691406	267.28283691406	267.28283691406
6	267.28283691406	267.28283691406	267.28283691406	267.28283691406	267.28283691406	267.28283691406	267.28283691406	267.28283691406	267.28283691406
7	267.28283691406	267.28283691406	267.28283691406	267.28283691406	267.28283691406	267.28283691406	267.28283691406	267.28283691406	267.28283691406
8	267.28283691406	267.28283691406	267.28283691406	267.28283691406	267.28283691406	267.28283691406	267.28283691406	267.28283691406	267.28283691406
9	267.28283691406	267.28283691406	267.28283691406	267.28283691406	267.28283691406	267.28283691406	267.28283691406	267.28283691406	267.28283691406
10	267.28283691406	267.28283691406	267.28283691406	267.28283691406	267.28283691406	267.28283691406	267.28283691406	267.28283691406	267.28283691406
11	267.28283691406	267.28283691406	267.28283691406	267.28283691406	267.28283691406	267.28283691406	267.28283691406	267.28283691406	267.28283691406
12	267.28283691406	267.28283691406	267.28283691406	267.28283691406	267.28283691406	267.28283691406	267.28283691406	267.28283691406	267.28283691406
13	267.28283691406	267.28283691406	267.28283691406	267.28283691406	267.28283691406	267.28283691406	267.28283691406	267.28283691406	267.28283691406
14	267.28283691406	267.28283691406	267.28283691406	267.28283691406	267.28283691406	267.28283691406	267.28283691406	267.28283691406	267.28283691406
15	267.28283691406	267.28283691406	267.28283691406	267.28283691406	267.28283691406	267.28283691406	267.28283691406	267.28283691406	267.28283691406
16	267.28283691406	267.28283691406	267.28283691406	267.28283691406	267.28283691406	267.28283691406	267.28283691406	267.28283691406	267.28283691406
17	267.28283691406	267.28283691406	267.28283691406	267.28283691406	267.28283691406	267.28283691406	267.28283691406	267.28283691406	267.28283691406
18	267.28283691406	267.28283691406	267.28283691406	267.28283691406	267.28283691406	267.28283691406	267.28283691406	267.28283691406	267.28283691406
19	267.28283691406	267.28283691406	267.28283691406	267.28283691406	267.28283691406	267.28283691406	267.28283691406	267.28283691406	267.28283691406
20	267.28283691406	267.28283691406	267.28283691406	267.28283691406	267.28283691406	267.28283691406	267.28283691406	267.28283691406	267.28283691406
21	267.28283691406	267.28283691406	267.28283691406	267.28283691406	267.28283691406	267.28283691406	267.28283691406	267.28283691406	267.28283691406
22	267.28283691406	267.28283691406	267.28283691406	267.28283691406	267.28283691406	267.28283691406	267.28283691406	267.28283691406	267.28283691406
23	267.28283691406	267.28283691406	267.28283691406	267.28283691406	267.28283691406	267.28283691406	267.28283691406	267.28283691406	267.28283691406
24	267.28283691406	267.28283691406	267.28283691406	267.28283691406	267.28283691406	267.28283691406	267.28283691406	267.28283691406	267.28283691406
25	267.28283691406	267.28283691406	267.28283691406	267.28283691406	267.28283691406	267.28283691406	267.28283691406	267.28283691406	267.28283691406
26	267.28283691406	267.28283691406	267.28283691406	267.28283691406	267.28283691406	267.28283691406	267.28283691406	267.28283691406	267.28283691406
27	267.28283691406	267.28283691406	267.28283691406	267.28283691406	267.28283691406	267.28283691406	267.28283691406	267.28283691406	267.28283691406
28	267.28283691406	267.28283691406	267.28283691406	267.28283691406	267.28283691406	267.28283691406	267.28283691406	267.28283691406	267.28283691406
29	267.28283691406	267.28283691406	267.28283691406	267.28283691406	267.28283691406	267.28283691406	267.28283691406	267.28283691406	267.28283691406
30	267.28283691406	267.28283691406	267.28283691406	267.28283691406	267.28283691406	267.28283691406	267.28283691406	267.28283691406	267.28283691406
31	267.28283691406	267.28283691406	267.28283691406	267.28283691406	267.28283691406	267.28283691406	267.28283691406	267.28283691406	267.28283691406
32	267.28283691406	267.28283691406	267.28283691406	267.28283691406	267.28283691406	267.28283691406	267.28283691406	267.28283691406	267.28283691406
33	267.28283691406	267.28283691406	267.28283691406	267.28283691406	267.28283691406	267.28283691406	267.28283691406	267.28283691406	267.28283691406
34	267.28283691406	267.28283691406	267.28283691406	267.28283691406	267.28283691406	267.28283691406	267.28283691406	267.28283691406	267.28283691406
35	267.28283691406	267.28283691406	267.28283691406	267.28283691406	267.28283691406	267.28283691406	267.28283691406	267.28283691406	267.28283691406
36	267.28283691406	267.28283691406	267.28283691406	267.28283691406	267.28283691406	267.28283691406	267.28283691406	267.28283691406	267.28283691406
37	267.28283691406	267.28283691406	267.28283691406	267.28283691406	267.28283691406	267.28283691406	267.28283691406	267.28283691406	267.28283691406
38	267.28283691406	267.28283691406	267.28283691406	267.28283691406	267.28283691406	267.28283691406	267.28283691406	267.28283691406	267.28283691406
39	267.28283691406	267.28283691406	267.28283691406	267.28283691406	267.28283691406	267.28283691406	267.28283691406	267.28283691406	267.28283691406
40	267.28283691406	267.28283691406	267.28283691406	267.28283691406	267.28283691406	267.28283691406	267.28283691406	267.28283691406	267.28283691406
41	267.28283691406	267.28283691406	267.28283691406	267.28283691406	267.28283691406	267.28283691406	267.28283691406	267.28283691406	267.28283691406
42	267.28283691406	267.28283691406	267.28283691406	267.28283691406	267.28283691406	267.28283691406	267.28283691406	267.28283691406	267.28283691406
43	267.28283691406	267.28283691406	267.28283691406	267.28283691406	267.28283691406	267.28283691406	267.28283691406	267.28283691406	267.28283691406
44	267.28283691406	267.28283691406	267.28283691406	267.28283691406	267.28283691406	267.28283691406	267.28283691406	267.28283691406	267.28283691406
45	267.28283691406	267.28283691406	267.28283691406	267.28283691406	267.28283691406	267.28283691406	267.28283691406	267.28283691406	267.28283691406
46	267.28283691406	267.28283691406	267.28283691406	267.28283691406	267.28283691406	267.28283691406	267.28283691406	267.28283691406	267.28283691406
47	267.28283691406	267.28283691406	267.28283691406	267.28283691406	267.28283691406	267.28283691406	267.28283691406	267.28283691406	267.28283691406
48	267.28283691406	267.28283691406	267.28283691406	267.28283691406	267.28283691406	267.28283691406	267.28283691406	267.28283691406	267.28283691406
49	267.28283691406	267.28283691406	267.28283691406	267.28283691406	267.28283691406	267.28283691406	267.28283691406	267.28283691406	267.28283691406
50	267.28283691406	267.28283691406	267.28283691406	267.28283691406	267.28283691406	267.28283691406	267.28283691406	267.28283691406	267.28283691406
51	267.28283691406	267.28283691406	267.28283691406	267.28283691406	267.28283691406	267.28283691406	267.28283691406	267.28283691406	267.28283691406
52	267.28283691406	267.28283691406	267.28283691406	267.28283691406	267.28283691406	267.28283691406	267.28283691406	267.28283691406	267.28283691406
53	267.28283691406	267.28283691406	267.28283691406	267.28283691406	267.28283691406	267.28283691406	267.28283691406	267.28283691406	267.28283691406
54	267.28283691406	267.28283691406	267.28283691406	267.28283691406	267.28283691406	267.28283691406	267.28283691406	267.28283691406	267.28283691406
55	267.28283691406	267.28283691406	267.28283691406	267.28283691406	267.28283691406	267.28283691406	267.28283691406	267.28283691406	267.28283691406
56	267.28283691406	267.28283691406	267.28283691406	267.28283691406	267.28283691406	267.28283691406	267.28283691406	267.28283691406	267.28283691406
57	267.28283691406	267.28283691406	267.28283691406	267.28283691406	267.28283691406	267.28283691406	267.28283691406	267.28283691406	267.28283691406
58	267.28283691406	267.28283691406	267.28283691406	267.28283691406	267.28283691406	267.28283691406	267.28283691406	267.28283691406	267.28283691406
59	267.28283691406	267.28283691406	267.28283691406	267.28283691406	267.28283691406	267.28283691406	267.28283691406	267.28283691406	267.28283691406
60	267.28283691406	267.28283691406	267.28283691406	267.28283691406	267.28283691406	267.28283691406	267.28283691406	267.28283691406	267.28283691406
61	267.28283691406	267.28283691406	267.28283691406	267.28283691406	267.28283691406	267.28283691406	267.28283691406	267.28283691406	267.28283691406
62	267.28283691406	267.28283691406	267.28283691406	267.28283691406	267.28283691406	267.28283691406	267.28283691406	267.28283691406	267.28283691406
63	267.28283691406	267.28283691406	267.28283691406	267.28283691406	267.28283691406	267.28283691406	267.28283691406	267.28283691406	267.28283691406
64	267.28283691406	267.28283691406	267.28283691406	267.28283691406	267.28283691406	267.28283691406	267.28283691406	267.28283691406	267.28283691406
65	267.28283691406	267.28283691406	267.28283691406	267.28283691406	267.28283691406	267.28283691406	267.28283691406	267.28283691406	267.28283691406
66	267.28283691406	267.28283691406	267.28283691406	267.28283691406	267.28283691406	267.28283691406	267.28283691406	267.28283691406	267.28283691406
67	267.28283691406	267.28283691406	267.28283691406	267.28283691406	267.28283691406	267.28283691406	267.28283691406	267.28283691406	267.28283691406
68	267.28283691406	267.28283691406	267.28283691406	267.28283691406	267.28283691406	267.28283691406	267.28283691406	267.28283691406	267.28283691406
69	267.28283691406	267.28283691406	267.28283691406	267.28283691406	267.28283691406	267.28283691406	267.28283691406	267.28283691406	267.28283691406
70	267.28283691406	267.28283691406	267.28283691406	267.28283691406	267.28283691406	267.28283691406	267.28283691406	267.28283691406	267.28283691406
71	267.28283691406	267.28283691406	267.28283691406	267.28283691406	267.28283691406	267.28283691406	267.28283691406	267.28283691406	267.28283691406
72	267.28283691406	267.28283691406	267.28283691406	267.28283691406	267.28283691406	267.28283691406	267.28283691406	267.28283691406	267.28283691406
73	267.28283691406	267.28283691406	267.28283691406	267.28283691406	267.28283691406	267.28283691406	267.28283691406	267.28283691406	267.28283691406
74	267.28283691406	267.28283691406	267.28283691406	267.28283691406	267.28283691406	267.28283691406	267.28283691406	267.28283691406	267.28283691406
75	267.28283691406	267.28283691406	267.28283691406	267.28283691406	267.28283691406	267.28283691406	267.28283691406	267.28283691406	267.28283691406
76	267.28283691406	267.28283691406	267.28283691406	267.28283691406	267.28283691406	267.28283691406	267.28283691406	267.28283691406	267.28283691406
77	267.28283691406	267.28283691406	267.28283691406	267.28283691406	267.28283691406	267.28283691406	267.28283691406	267.28283691406	267.28283691406
78	267.28283691406	267.28283691406	267.28283691406	267.28283691406	267.28283691406	267.28283691406	267.28283691406	267.28283691406	267.28283691406
79	267.28283691406	267.28283691406	267.28283691406	267.28283691406	267.28283691406	267.28283691406	267.28283691406	267.28283691406	267.28283691406
80	267.28283691406	267.28283691406	267.28283691406	267.28283691406	267.28283691406	267.28283691406	267.28283691406	267.28283691406	267.28283691406
81	267.28283691406	267.28283691406	267.28283691406	267.28283691406	267.28283691406	267.28283691406	267.28283691406	267.28283691406	267.28283691406
82	267.28283691406	267.28283691406	267.28283691406	267.28283691406	267.28283691406	267.28283691406	267.28283691406	267.28283691406	267.28283691406
83	267.28283691406	267.28283691406	267.28283691406	267.28283691406	267.28283691406	267.28283691406	267.28283691406	267.28283691406	267.28283691406
84	267.28283691406	267.28283691406	267.28283691406	267.28283691406	267.28283691406	267.28283691406	267.28283691406	267.28283691406	267.28283691406
85	267.28283691406	267.28283691406	267.28283691406	267.28283691406	267.28283691406	267.28283691406	267.28283691406	267.28283691406	267.28283691406
86	267.28283691406	267.28283691406	267.28283691406	267.28283691406	267.28283691406	267.28283691406	267.28283691406	267.28283691406	267.28283691406
87	267.28283691406	267.28283691406	267.28283691406	267.28283691406	267.28283691406	267.28283691406	267.28283691406	267.28283691406	267.28283691406
88	267.28283691406	267.28283691406	267.28283691406	267.28283691406	267.28283691406	267.28283691406	267.28283691406	267.28283691406	267.28283691406
89	267.28283691406	267.28283691406	267.28283691406	267.28283691406	267.28283691406	267.28283691406	267.28283691406	267.28283691406	267.28283691406
90	267.28283691406	267.28283691406	267.28283691406	267.28283691406	267.28283691406	267.28283691406	267.28283691406	267.28283691406	267.28283691406
91	267.28283691406	267.28283691406	267.28283691406	267.28283691406	267.28283691406	267.28283691406	267.28283691406	267.28283691406	267.28283691406
92	267.28283691406	267.28283691406	267.28283691406	267.28283691406	267.28283691406	267.28283691406	267.28283691406	267.28283691406	267.28283691406
93	267.28283691406	267.28283691406	267.28283691406	267.28283691406	267.28283691406	267.28283691406	267.28283691406	267.28283691406	267.28283691406
94	267.28283691406	267.28283691406	267.28283691406	267.28283691406	267.28283691406	267.28283691406	267.28283691406	267.28283691406	267.28283691406
95	267.28283691406	267.28283691406	267.28283691406	267.28283691406	267.28283691406	267.28283691406	267.28283691406	267.28283691406	267.28283691406
96	267.28283691406	267.28283691406	267.28283691406	267.28283691406	267.28283691406	267.28283691406	267.28283691406	267.28283691406	267.28283691406
97	267.28283691406	267.28283691406	267.28283691406	267.28283691406	267.28283691406	267.28283691406	267.28283691406	267.28283691406	267.28283691406
98	267.28283691406	267.28283691406	267.28283691406	267.28283691406	267.28283691406	267.28283691406	267.28283691406	267.28283691406	267.28283691406
99	267.28283691406	267.28283691406	267.28283691406	267.28283691406	267.28283691406	267.28283691406	267.28283691406	267.28283691406	267.28283691406
100	267.28305053711	267.28305053711	267.28305053711	267.28305053711	267.28305053711	267.28305053711	267.28305053711	267.28305053711	267.28305053711
101	267.28305053711	267.28305053711	267.28305053711	267.28305053711	267.28305053711	267.28305053711	267.28305053711	267.28305053711	267.28305053711
102	267.28305053711	267.28305053711	267.28305053711	267.28305053711	267.28305053711	267.28305053711	267.28305053711	267.28305053711	267.28305053711
103	267.28305053711	267.28305053711	267.28305053711	267.28305053711	267.28305053711	267.28305053711	267.28305053711	267.28305053711	267.28305053711
104	267.28305053711	267.28305053711	267.28305053711	267.28305053711	267.28305053711	267.28305053711	267.28305053711	267.28305053711	267.28305053711
105	267.28305053711	267.28305053711	267.28305053711	267.28305053711	267.28305053711	267.28305053711	267.28305053711	267.28305053711	267.28305053711
106	267.28305053711	267.28305053711	267.28305053711	267.28305053711	267.28305053711	267.28305053711	267.28305053711	267.28305053711	267.28305053711
107	267.28305053711	267.28305053711	267.28305053711	267.28305053711	267.28305053711	267.28305053711	267.28305053711	267.28305053711	267.28305053711
108	267.28305053711	267.28305053711	267.28305053711	267.28305053711	267.28305053711	267.28305053711	267.28305053711	267.28305053711	267.28305053711
109	267.28305053711	267.28305053711	267.28305053711	267.28305053711	267.28305053711	267.28305053711	267.28305053711	267.28305053711	267.28305053711
110	267.28305053711	267.28305053711	267.28305053711	267.28305053711	267.28305053711	267.28305053711	267.28305053711	267.28305053711	267.28305053711
111	267.28305053711	267.28305053711	267.28305053711	267.28305053711	267.28305053711	267.28305053711	267.28305053711	267.28305053711	267.28305053711
112	267.28305053711	267.28305053711	267.28305053711	267.28305053711	267.28305053711	267.28305053711	267.28305053711	267.28305053711	267.28305053711
113	267.28305053711	267.28305053711	267.28305053711	267.28305053711	267.28305053711	267.28305053711	267.28305053711	267.28305053711	267.28305053711
114	267.28305053711	267.28305053711	267.28305053711	267.28305053711	267.28305053711	267.28305053711	267.28305053711	267.28305053711	267.28305053711
115	267.28305053711	267.28305053711	267.28305053711	267.28305053711	267.28305053711	267.28305053711	267.28305053711	267.28305053711	267.28305053711
116	267.28305053711	267.28305053711	267.28305053711	267.28305053711	267.28305053711	267.28305053711	267.28305053711	267.28305053711	267.28305053711
117	267.28305053711	267.28305053711	267.28305053711	267.28305053711	267.28305053711	267.28305053711	267.28305053711	267.28305053711	267.28305053711
118	267.28305053711	267.28305053711	267.28305053711	267.28305053711	267.28305053711	267.28305053711	267.28305053711	267.28305053711	267.28305053711
119	267.28305053711	267.28305053711	267.28305053711	267.28305053711	267.28305053711	267.28305053711	267.28305053711	267.28305053711	267.28305053711
120	267.28305053711	267.28305053711	267.28305053711	267.28305053711	267.28305053711	267.28305053711	267.28305053711	267.28305053711	267.28305053711
121	267.28305053711	267.28305053711	267.28305053711	267.28305053711	267.28305053711	267.28305053711	267.28305053711	267.28305053711	267.28305053711
122	267.28305053711	267.28305053711	267.28305053711	267.28305053711	267.28305053711	267.28305053711	267.28305053711	267.28305053711	267.28305053711
123	267.28305053711	267.28305053711	267.28305053711	267.28305053711	267.28305053711	267.28305053711	267.28305053711	267.28305053711	267.28305053711
124	267.28305053711	267.28305053711	267.28305053711	267.28305053711	267.28305053711	267.28305053711	267.28305053711	267.28305053711	267.28305053711
125	267.28305053711	267.28305053711	267.28305053711	267.28305053711	267.28305053711	267.28305053711	267.28305053711	267.28305053711	267.28305053711
126	267.28305053711	267.28305053711	267.28305053711	267.28305053711	267.28305053711	267.28305053711	267.28305053711	267.28305053711	267.28305053711
127	267.28305053711	267.28305053711	267.28305053711	267.28305053711	267.28305053711	267.28305053711	267.28305053711	267.28305053711	267.28305053711
128	267.28305053711	267.28305053711	267.28305053711	267.28305053711	267.28305053711	267.28305053711	267.28305053711	267.28305053711	267.28305053711
129	267.28305053711	267.28305053711	267.28305053711	267.28305053711	267.28305053711	267.28305053711	267.28305053711	267.28305053711	267.28305053711
130	267.28305053711	267.28305053711	267.28305053711	267.28305053711	267.28305053711	267.28305053711	267.28305053711	267.28305053711	267.28305053711
131	267.28305053711	267.28305053711	267.28305053711	267.28305053711	267.28305053711	267.28305053711	267.28305053711	267.28305053711	267.28305053711
132	267.28305053711	267.28305053711	267.28305053711	267.28305053711	267.28305053711	267.28305053711	267.28305053711	267.28305053711	267.28305053711
133	267.28305053711	267.28305053711	267.28305053711	267.28305053711	267.28305053711	267.28305053711	267.28305053711	267.28305053711	267.28305053711
134	267.28305053711	267.28305053711	267.28305053711	267.28305053711	267.28305053711	267.28305053711	267.28305053711	267.28305053711	267.28305053711
135	267.28305053711	267.28305053711	267.28305053711	267.28305053711	267.28305053711	267.28305053711	267.28305053711	267.28305053711	267.28305053711
136	267.28305053711	267.28305053711	267.28305053711	267.28305053711	267.28305053711	267.28305053711	267.28305053711	267.28305053711	267.28305053711
137	267.28305053711	267.28305053711	267.28305053711	267.28305053711	267.28305053711	267.28305053711	267.28305053711	267.28305053711	267.28305053711
138	267.28305053711	267.28305053711	267.28305053711	267.28305053711	267.28305053711	267.28305053711	267.28305053711	267.28305053711	267.28305053711
139	267.28305053711	267.28305053711	267.28305053711	267.28305053711	267.28305053711	267.28305053711	267.28305053711	267.28305053711	267.28305053711
140	267.28305053711	267.28305053711	267.28305053711	267.28305053711	267.28305053711	267.28305053711	267.28305053711	267.28305053711	267.28305053711
141	267.28305053711	267.28305053711	267.28305053711	267.28305053711	267.28305053711	267.28305053711	267.28305053711	267.28305053711	267.28305053711
142	267.28305053711	267.28305053711	267.28305053711	267.28305053711	267.28305053711	267.28305053711	267.28305053711	267.28305053711	267.28305053711
143	267.28305053711	267.28305053711	267.28305053711	267.28305053711	267.28305053711	267.28305053711	267.28305053711	267.28305053711	267.28305053711
144	267.28305053711	267.28305053711	267.28305053711	267.28305053711	267.28305053711	267.28305053711	267.28305053711	267.28305053711	267.28305053711
145	267.28305053711	267.28305053711	267.28305053711	267.28305053711	267.28305053711	267.28305053711	267.28305053711	267.28305053711	267.28305053711
146	267.28305053711	267.28305053711	267.28305053711	267.28305053711	267.28305053711	267.28305053711	267.28305053711	267.28305053711	267.28305053711
147	267.28305053711	267.28305053711	267.28305053711	267.28305053711	267.28305053711	267.28305053711	267.28305053711	267.28305053711	267.28305053711
148	267.28305053711	267.28305053711	267.28305053711	267.28305053711	267.28305053711	267.28305053711	267.28305053711	267.28305053711	267.28305053711
149	267.28305053711	267.28305053711	267.28305053711	267.28305053711	267.28305053711	267.28305053711	267.28305053711	267.28305053711	267.28305053711
150	267.28305053711	267.28305053711	267.28305053711	267.28305053711	267.28305053711	267.28305053711	267.28305053711	267.28305053711	267.28305053711
151	267.28305053711	267.28305053711	267.28305053711	267.28305053711	267.28305053711	267.28305053711	267.28305053711	267.28305053711	267.28305053711
152	267.28305053711	267.28305053711	267.28305053711	267.28305053711	267.28305053711	267.28305053711	267.28305053711	267.28305053711	267.28305053711
153	267.28305053711	267.28305053711	267.28305053711	267.28305053711	267.28305053711	267.28305053711	267.28305053711	267.28305053711	267.28305053711
154	267.28305053711	267.28305053711	267.28305053711	267.28305053711	267.28305053711	267.28305053711	267.28305053711	267.28305053711	267.28305053711
155	267.28704833984	267.28704833984	267.28704833984	267.28704833984	267.28704833984	267.28704833984	267.28704833984	267.28704833984	267.28704833984
156	267.27304077148	267.27304077148	267.27304077148	267.27304077148	267.27304077148	267.27304077148	267.27304077148	267.27304077148	267.27304077148
157	267.27304077148	267.27304077148	267.27304077148	267.27304077148	267.27304077148	267.27304077148	267.27304077148	267.27304077148	267.27304077148
158	267.26705932617	267.26705932617	267.26705932617	267.26705932617	267.26705932617	267.26705932617	267.26705932617	267.26705932617	267.26705932617
159	267.27703857422	267.27703857422	267.27703857422	267.27703857422	267.27703857422	267.27703857422	267.27703857422	267.27703857422	267.27703857422
160	267.28704833984	267.28704833984	267.28704833984	267.28704833984	267.28704833984	267.28704833984	267.28704833984	267.28704833984	267.28704833984
161	267.29803466797	267.29803466797	267.29803466797	267.29803466797	267.29803466797	267.29803466797	267.29803466797	267.29803466797	267.29803466797
162	267.31005859375	267.31005859375	267.31005859375	267.31005859375	267.31005859375	267.31005859375	267.31005859375	267.31005859375	267.31005859375
163	267.32205200195	267.32205200195	267.32205200195	267.32205200195	267.32205200195	267.32205200195	267.32205200195	267.32205200195	267.32205200195
164	267.33505249023	267.33505249023	267.33505249023	267.33505249023	267.33505249023	267.33505249023	267.33505249023	267.33505249023	267.33505249023
165	267.34906005859	267.34906005859	267.34906005859	267.34906005859	267.34906005859	267.34906005859	267.34906005859	267.34906005859	267.34906005859
166	267.36303710938	267.36303710938	267.36303710938	267.36303710938	267.36303710938	267.36303710938	267.36303710938	267.36303710938	267.36303710938
167	267.37805175781	267.37805175781	267.37805175781	267.37805175781	267.37805175781	267.37805175781	267.37805175781	267.37805175781	267.37805175781
168	267.39904785156	267.39904785156	267.39904785156	267.39904785156	267.39904785156	267.39904785156	267.39904785156	267.39904785156	267.39904785156
169	267.41104125977	267.41104125977	267.41104125977	267.41104125977	267.41104125977	267.41104125977	267.41104125977	267.41104125977	267.41104125977
170	267.43603515625	267.43603515625	267.43603515625	267.43603515625	267.43603515625	267.43603515625	267.43603515625	267.43603515625	267.43603515625
171	267.45605468750	267.45605468750	267.45605468750	267.45605468750	267.45605468750	267.45605468750	267.45605468750	267.45605468750	267.45605468750
172	267.46804809570	267.46804809570	267.46804809570	267.46804809570	267.46804809570	267.46804809570	267.46804809570	267.46804809570	267.46804809570
173	267.50305175781	267.50305175781	267.50305175781	267.50305175781	267.50305175781	267.50305175781	267.50305175781	267.50305175781	267.50305175781
174	267.52404785156	267.52404785156	267.52404785156	267.52404785156	267.52404785156	267.52404785156	267.52404785156	267.52404785156	267.52404785156
175	267.55303955078	267.55303955078	267.55303955078	267.55303955078	267.55303955078	267.55303955078	267.55303955078	267.55303955078	267.55303955078
176	267.57705688477	267.57705688477	267.57705688477	267.57705688477	267.57705688477	267.57705688477	267.57705688477	267.57705688477	267.57705688477
177	267.59405517578	267.59405517578	267.59405517578	267.59405517578	267.59405517578	267.59405517578	267.59405517578	267.59405517578	267.59405517578
178	267.62005615234	267.62005615234	267.62005615234	267.62005615234	267.62005615234	267.62005615234	267.62005615234	267.62005615234	267.62005615234
179	267.63903808594	267.63903808594	267.63903808594	267.63903808594	267.63903808594	267.63903808594	267.63903808594	267.63903808594	267.63903808594
180	267.66604614258	267.66604614258	267.66604614258	267.66604614258	267.66604614258	267.66604614258	267.66604614258	267.66604614258	267.66604614258
181	267.70504760742	267.70504760742	267.70504760742	267.70504760742	267.70504760742	267.70504760742	267.70504760742	267.70504760742	267.70504760742
182	267.73306274414	267.73306274414	267.73306274414	267.73306274414	267.73306274414	267.73306274414	267.73306274414	267.73306274414	267.73306274414
183	267.76504516602	267.76504516602	267.76504516602	267.76504516602	267.76504516602	267.76504516602	267.76504516602	267.76504516602	267.76504516602
184	267.79205322266	267.79205322266	267.79205322266	267.79205322266	267.79205322266	267.79205322266	267.79205322266	267.79205322266	267.79205322266
185	267.83404541016	267.83404541016	267.83404541016	267.83404541016	267.83404541016	267.83404541016	267.83404541016	267.83404541016	267.83404541016
186	267.87603759766	267.87603759766	267.87603759766	267.87603759766	267.87603759766	267.87603759766	267.87603759766	267.87603759766	267.87603759766
187	267.90304565430	267.90304565430	267.90304565430	267.90304565430	267.90304565430	267.90304565430	267.90304565430	267.90304565430	267.90304565430
188	267.94204711914	267.94204711914	267.94204711914	267.94204711914	267.94204711914	267.94204711914	267.94204711914	267.94204711914	267.94204711914
189	267.98504638672	267.98504638672	267.98504638672	267.98504638672	267.98504638672	267.98504638672	267.98504638672	267.98504638672	267.98504638672
190	268.02703857422	268.02703857422	268.02703857422	268.02703857422	268.02703857422	268.02703857422	268.02703857422	268.02703857422	268.02703857422
191	268.07604980469	268.07604980469	268.07604980469	268.07604980469	268.07604980469	268.07604980469	268.07604980469	268.07604980469	268.07604980469
192	268.11404418945	268.11404418945	268.11404418945	268.11404418945	268.11404418945	268.11404418945	268.11404418945	268.11404418945	268.11404418945
193	268.15704345703	268.15704345703	268.15704345703	268.15704345703	268.15704345703	268.15704345703	268.15704345703	268.15704345703	268.15704345703
194	268.19204711914	268.19204711914	268.19204711914	268.19204711914	268.19204711914	268.19204711914	268.19204711914	268.19204711914	268.19204711914
195	268.23403930664	268.23403930664	268.23403930664	268.23403930664	268.23403930664	268.23403930664	268.23403930664	268.23403930664	268.23403930664
196	268.29904174805	268.29904174805	268.29904174805	268.29904174805	268.29904174805	268.29904174805	268.29904174805	268.29904174805	268.29904174805
197	268.34603881836	268.34603881836	268.34603881836	268.34603881836	268.34603881836	268.34603881836	268.34603881836	268.34603881836	268.34603881836
198	268.41003417969	268.41003417969	268.41003417969	268.41003417969	268.41003417969	268.41003417969	268.41003417969	268.41003417969	268.41003417969
199	268.47705078125	268.47705078125	268.47705078125	268.47705078125	268.47705078125	268.47705078125	268.47705078125	268.47705078125	268.47705078125
200	268.50906372070	268.50906372070	268.50906372070	268.50906372070	268.50906372070	268.50906372070	268.50906372070	268.50906372070	268.50906372070
201	268.54504394531	268.54504394531	268.54504394531	268.54504394531	268.54504394531	268.54504394531	268.54504394531	268.54504394531	268.54504394531
202	268.58004760742	268.58004760742	268.58004760742	268.58004760742	268.58004760742	268.58004760742	268.58004760742	268.58004760742	268.58004760742
203	268.63104248047	268.63104248047	268.63104248047	268.63104248047	268.63104248047	268.63104248047	268.63104248047	268.63104248047	268.63104248047
204	268.67605590820	268.67605590820	268.67605590820	268.67605590820	268.67605590820	268.67605590820	268.67605590820	268.67605590820	268.67605590820
205	268.73605346680	268.73605346680	268.73605346680	268.73605346680	268.73605346680	268.73605346680	268.73605346680	268.73605346680	268.73605346680
206	268.76306152344	268.76306152344	268.76306152344	268.76306152344	268.76306152344	268.76306152344	268.76306152344	268.76306152344	268.76306152344
207	268.81405639648	268.81405639648	268.81405639648	268.81405639648	268.81405639648	268.81405639648	268.81405639648	268.81405639648	268.81405639648
208	268.88204956055	268.88204956055	268.88204956055	268.88204956055	268.88204956055	268.88204956055	268.88204956055	268.88204956055	268.88204956055
209	268.90805053711	268.90805053711	268.90805053711	268.90805053711	268.90805053711	268.90805053711	268.90805053711	268.90805053711	268.90805053711
210	268.93005371094	268.93005371094	268.93005371094	268.93005371094	268.93005371094	268.93005371094	268.93005371094	268.93005371094	268.93005371094
211	268.95504760742	268.95504760742	268.95504760742	268.95504760742	268.95504760742	268.95504760742	268.95504760742	268.95504760742	268.95504760742
212	268.98904418945	268.98904418945	268.98904418945	268.98904418945	268.98904418945	268.98904418945	268.98904418945	268.98904418945	268.98904418945
213	269.01403808594	269.01403808594	269.01403808594	269.01403808594	269.01403808594	269.01403808594	269.01403808594	269.01403808594	269.01403808594
214	269.04003906250	269.04003906250	269.04003906250	269.04003906250	269.04003906250	269.04003906250	269.04003906250	269.04003906250	269.04003906250
215	269.06506347656	269.06506347656	269.06506347656	269.06506347656	269.06506347656	269.06506347656	269.06506347656	269.06506347656	269.06506347656
216	269.08804321289	269.08804321289	269.08804321289	269.08804321289	269.08804321289	269.08804321289	269.08804321289	269.08804321289	269.08804321289
217	269.11004638672	269.11004638672	269.11004638672	269.11004638672	269.11004638672	269.11004638672	269.11004638672	269.11004638672	269.11004638672
218	269.13204956055	269.13204956055	269.13204956055	269.13204956055	269.13204956055	269.13204956055	269.13204956055	269.13204956055	269.13204956055
219	269.15405273438	269.15405273438	269.15405273438	269.15405273438	269.15405273438	269.15405273438	269.15405273438	269.15405273438	269.15405273438
220	269.17605590820	269.17605590820	269.17605590820	269.17605590820	269.17605590820	269.17605590820	269.17605590820	269.17605590820	269.17605590820
221	269.20404052734	269.20404052734	269.20404052734	269.20404052734	269.20404052734	269.20404052734	269.20404052734	269.20404052734	269.20404052734
222	269.23803710938	269.23803710938	269.23803710938	269.23803710938	269.23803710938	269.23803710938	269.23803710938	269.23803710938	269.23803710938
223	269.25704956055	269.25704956055	269.25704956055	269.25704956055	269.25704956055	269.25704956055	269.25704956055	269.25704956055	269.25704956055
224	269.28305053711	269.28305053711	269.28305053711	269.28305053711	269.28305053711	269.28305053711	269.28305053711	269.28305053711	269.28305053711
225	269.30105590820	269.30105590820	269.30105590820	269.30105590820	269.30105590820	269.30105590820	269.30105590820	269.30105590820	269.30105590820
226	269.32104492188	269.32104492188	269.32104492188	269.32104492188	269.32104492188	269.32104492188	269.32104492188	269.32104492188	269.32104492188
227	269.34005737305	269.34005737305	269.34005737305	269.34005737305	269.34005737305	269.34005737305	269.34005737305	269.34005737305	269.34005737305
228	269.36004638672	269.36004638672	269.36004638672	269.36004638672	269.36004638672	269.36004638672	269.36004638672	269.36004638672	269.36004638672
229	269.37805175781	269.37805175781	269.37805175781	269.37805175781	269.37805175781	269.37805175781	269.37805175781	269.37805175781	269.37805175781
230	269.39706420898	269.39706420898	269.39706420898	269.39706420898	269.39706420898	269.39706420898	269.39706420898	269.39706420898	269.39706420898
231	269.42004394531	269.42004394531	269.42004394531	269.42004394531	269.42004394531	269.42004394531	269.42004394531	269.42004394531	269.42004394531
232	269.43704223633	269.43704223633	269.43704223633	269.43704223633	269.43704223633	269.43704223633	269.43704223633	269.43704223633	269.43704223633
233	269.45706176758	269.45706176758	269.45706176758	269.45706176758	269.45706176758	269.45706176758	269.45706176758	269.45706176758	269.45706176758
234	269.49404907227	269.49404907227	269.49404907227	269.49404907227	269.49404907227	269.49404907227	269.49404907227	269.49404907227	269.49404907227
235	269.50704956055	269.50704956055	269.50704956055	269.50704956055	269.50704956055	269.50704956055	269.50704956055	269.50704956055	269.50704956055
236	269.53805541992	269.53805541992	269.53805541992	269.53805541992	269.53805541992	269.53805541992	269.53805541992	269.53805541992	269.53805541992
237	269.55404663086	269.55404663086	269.55404663086	269.55404663086	269.55404663086	269.55404663086	269.55404663086	269.55404663086	269.55404663086
238	269.57104492188	269.57104492188	269.57104492188	269.57104492188	269.57104492188	269.57104492188	269.57104492188	269.57104492188	269.57104492188
239	269.58905029297	269.58905029297	269.58905029297	269.58905029297	269.58905029297	269.58905029297	269.58905029297	269.58905029297	269.58905029297
240	269.61404418945	269.61404418945	269.61404418945	269.61404418945	269.61404418945	269.61404418945	269.61404418945	269.61404418945	269.61404418945
241	269.61804199219	269.61804199219	269.61804199219	269.61804199219	269.61804199219	269.61804199219	269.61804199219	269.61804199219	269.61804199219
242	269.62005615234	269.62005615234	269.62005615234	269.62005615234	269.62005615234	269.62005615234	269.62005615234	269.62005615234	269.62005615234
243	269.62905883789	269.62905883789	269.62905883789	269.62905883789	269.62905883789	269.62905883789	269.62905883789	269.62905883789	269.62905883789
244	269.62905883789	269.62905883789	269.62905883789	269.62905883789	269.62905883789	269.62905883789	269.62905883789	269.62905883789	269.62905883789
245	269.63305664063	269.63305664063	269.63305664063	269.63305664063	269.63305664063	269.63305664063	269.63305664063	269.63305664063	269.63305664063
246	269.64205932617	269.64205932617	269.64205932617	269.64205932617	269.64205932617	269.64205932617	269.64205932617	269.64205932617	269.64205932617
247	269.64004516602	269.64004516602	269.64004516602	269.64004516602	269.64004516602	269.64004516602	269.64004516602	269.64004516602	269.64004516602
248	269.62805175781	269.62805175781	269.62805175781	269.62805175781	269.62805175781	269.62805175781	269.62805175781	269.62805175781	269.62805175781
249	269.62203979492	269.62203979492	269.62203979492	269.62203979492	269.62203979492	269.62203979492	269.62203979492	269.62203979492	269.62203979492
250	269.61904907227	269.61904907227	269.61904907227	269.61904907227	269.61904907227	269.61904907227	269.61904907227	269.61904907227	269.61904907227
251	269.59304809570	269.59304809570	269.59304809570	269.59304809570	269.59304809570	269.59304809570	269.59304809570	269.59304809570	269.59304809570
252	269.59005737305	269.59005737305	269.59005737305	269.59005737305	269.59005737305	269.59005737305	269.59005737305	269.59005737305	269.59005737305
253	269.58303833008	269.58303833008	269.58303833008	269.58303833008	269.58303833008	269.58303833008	269.58303833008	269.58303833008	269.58303833008
254	269.58404541016	269.58404541016	269.58404541016	269.58404541016	269.58404541016	269.58404541016	269.58404541016	269.58404541016	269.58404541016
255	269.58105468750	269.58105468750	269.58105468750	269.58105468750	269.58105468750	269.58105468750	269.58105468750	269.58105468750	269.58105468750
256	269.57806396484	269.57806396484	269.57806396484	269.57806396484	269.57806396484	269.57806396484	269.57806396484	269.57806396484	269.57806396484
257	269.57904052734	269.57904052734	269.57904052734	269.57904052734	269.57904052734	269.57904052734	269.57904052734	269.57904052734	269.57904052734
258	269.57705688477	269.57705688477	269.57705688477	269.57705688477	269.57705688477	269.57705688477	269.57705688477	269.57705688477	269.57705688477
259	269.56704711914	269.56704711914	269.56704711914	269.56704711914	269.56704711914	269.56704711914	269.56704711914	269.56704711914	269.56704711914
260	269.55905151367	269.55905151367	269.55905151367	269.55905151367	269.55905151367	269.55905151367	269.55905151367	269.55905151367	269.55905151367
261	269.54904174805	269.54904174805	269.54904174805	269.54904174805	269.54904174805	269.54904174805	269.54904174805	269.54904174805	269.54904174805
262	269.54306030273	269.54306030273	269.54306030273	269.54306030273	269.54306030273	269.54306030273	269.54306030273	269.54306030273	269.54306030273
263	269.52404785156	269.52404785156	269.52404785156	269.52404785156	269.52404785156	269.52404785156	269.52404785156	269.52404785156	269.52404785156
264	269.49606323242	269.49606323242	269.49606323242	269.49606323242	269.49606323242	269.49606323242	269.49606323242	269.49606323242	269.49606323242
265	269.48504638672	269.48504638672	269.48504638672	269.48504638672	269.48504638672	269.48504638672	269.48504638672	269.48504638672	269.48504638672
266	269.46304321289	269.46304321289	269.46304321289	269.46304321289	269.46304321289	269.46304321289	269.46304321289	269.46304321289	269.46304321289
267	269.43505859375	269.43505859375	269.43505859375	269.43505859375	269.43505859375	269.43505859375	269.43505859375	269.43505859375	269.43505859375
268	269.42004394531	269.42004394531	269.42004394531	269.42004394531	269.42004394531	269.42004394531	269.42004394531	269.42004394531	269.42004394531
269	269.41104125977	269.41104125977	269.41104125977	269.41104125977	269.41104125977	269.41104125977	269.41104125977	269.41104125977	269.41104125977
270	269.39605712891	269.39605712891	269.39605712891	269.39605712891	269.39605712891	269.39605712891	269.39605712891	269.39605712891	269.39605712891
271	269.39804077148	269.39804077148	269.39804077148	269.39804077148	269.39804077148	269.39804077148	269.39804077148	269.39804077148	269.39804077148
272	269.36804199219	269.36804199219	269.36804199219	269.36804199219	269.36804199219	269.36804199219	269.36804199219	269.36804199219	269.36804199219
273	269.35903930664	269.35903930664	269.35903930664	269.35903930664	269.35903930664	269.35903930664	269.35903930664	269.35903930664	269.35903930664
274	269.35003662109	269.35003662109	269.35003662109	269.35003662109	269.35003662109	269.35003662109	269.35003662109	269.35003662109	269.35003662109
275	269.33505249023	269.33505249023	269.33505249023	269.33505249023	269.33505249023	269.33505249023	269.33505249023	269.33505249023	269.33505249023
276	269.32205200195	269.32205200195	269.32205200195	269.32205200195	269.32205200195	269.32205200195	269.32205200195	269.32205200195	269.32205200195
277	269.30703735352	269.30703735352	269.30703735352	269.30703735352	269.30703735352	269.30703735352	269.30703735352	269.30703735352	269.30703735352
278	269.29003906250	269.29003906250	269.29003906250	269.29003906250	269.29003906250	269.29003906250	269.29003906250	269.29003906250	269.29003906250
279	269.26504516602	269.26504516602	269.26504516602	269.26504516602	269.26504516602	269.26504516602	269.26504516602	269.26504516602	269.26504516602
280	269.24404907227	269.24404907227	269.24404907227	269.24404907227	269.24404907227	269.24404907227	269.24404907227	269.24404907227	269.24404907227
281	269.22604370117	269.22604370117	269.22604370117	269.22604370117	269.22604370117	269.22604370117	269.22604370117	269.22604370117	269.22604370117
282	269.19805908203	269.19805908203	269.19805908203	269.19805908203	269.19805908203	269.19805908203	269.19805908203	269.19805908203	269.19805908203
283	269.18905639648	269.18905639648	269.18905639648	269.18905639648	269.18905639648	269.18905639648	269.18905639648	269.18905639648	269.18905639648
284	269.17803955078	269.17803955078	269.17803955078	269.17803955078	269.17803955078	269.17803955078	269.17803955078	269.17803955078	269.17803955078
285	269.16705322266	269.16705322266	269.16705322266	269.16705322266	269.16705322266	269.16705322266	269.16705322266	269.16705322266	269.16705322266
286	269.14904785156	269.14904785156	269.14904785156	269.14904785156	269.14904785156	269.14904785156	269.14904785156	269.14904785156	269.14904785156
287	269.13003540039	269.13003540039	269.13003540039	269.13003540039	269.13003540039	269.13003540039	269.13003540039	269.13003540039	269.13003540039
288	269.12203979492	269.12203979492	269.12203979492	269.12203979492	269.12203979492	269.12203979492	269.12203979492	269.12203979492	269.12203979492
289	269.10604858398	269.10604858398	269.10604858398	269.10604858398	269.10604858398	269.10604858398	269.10604858398	269.10604858398	269.10604858398
290	269.08703613281	269.08703613281	269.08703613281	269.08703613281	269.08703613281	269.08703613281	269.08703613281	269.08703613281	269.08703613281
291	269.07403564453	269.07403564453	269.07403564453	269.07403564453	269.07403564453	269.07403564453	269.07403564453	269.07403564453	269.07403564453
292	269.05206298828	269.05206298828	269.05206298828	269.05206298828	269.05206298828	269.05206298828	269.05206298828	269.05206298828	269.05206298828
293	269.03704833984	269.03704833984	269.03704833984	269.03704833984	269.03704833984	269.03704833984	269.03704833984	269.03704833984	269.03704833984
294	269.02005004883	269.02005004883	269.02005004883	269.02005004883	269.02005004883	269.02005004883	269.02005004883	269.02005004883	269.02005004883
295	269.01205444336	269.01205444336	269.01205444336	269.01205444336	269.01205444336	269.01205444336	269.01205444336	269.01205444336	269.01205444336
296	268.98004150391	268.98004150391	268.98004150391	268.98004150391	268.98004150391	268.98004150391	268.98004150391	268.98004150391	268.98004150391
297	268.99005126953	268.99005126953	268.99005126953	268.99005126953	268.99005126953	268.99005126953	268.99005126953	268.99005126953	268.99005126953
298	268.97406005859	268.97406005859	268.97406005859	268.97406005859	268.97406005859	268.97406005859	268.97406005859	268.97406005859	268.97406005859
299	268.95404052734	268.95404052734	268.95404052734	268.95404052734	268.95404052734	268.95404052734	268.95404052734	268.95404052734	268.95404052734
300	268.92904663086	268.92904663086	268.92904663086	268.92904663086	268.92904663086	268.92904663086	268.92904663086	268.92904663086	268.92904663086
301	268.92105102539	268.92105102539	268.92105102539	268.92105102539	268.92105102539	268.92105102539	268.92105102539	268.92105102539	268.92105102539
302	268.89804077148	268.89804077148	268.89804077148	268.89804077148	268.89804077148	268.89804077148	268.89804077148	268.89804077148	268.89804077148
303	268.87905883789	268.87905883789	268.87905883789	268.87905883789	268.87905883789	268.87905883789	268.87905883789	268.87905883789	268.87905883789
304	268.87506103516	268.87506103516	268.87506103516	268.87506103516	268.87506103516	268.87506103516	268.87506103516	268.87506103516	268.87506103516
305	268.85705566406	268.85705566406	268.85705566406	268.85705566406	268.85705566406	268.85705566406	268.85705566406	268.85705566406	268.85705566406
306	268.84005737305	268.84005737305	268.84005737305	268.84005737305	268.84005737305	268.84005737305	268.84005737305	268.84005737305	268.84005737305
307	268.82305908203	268.82305908203	268.82305908203	268.82305908203	268.82305908203	268.82305908203	268.82305908203	268.82305908203	268.82305908203
308	268.80804443359	268.80804443359	268.80804443359	268.80804443359	268.80804443359	268.80804443359	268.80804443359	268.80804443359	268.80804443359
309	268.79205322266	268.79205322266	268.79205322266	268.79205322266	268.79205322266	268.79205322266	268.79205322266	268.79205322266	268.79205322266
310	268.76605224609	268.76605224609	268.76605224609	268.76605224609	268.76605224609	268.76605224609	268.76605224609	268.76605224609	268.76605224609
311	268.74804687500	268.74804687500	268.74804687500	268.74804687500	268.74804687500	268.74804687500	268.74804687500	268.74804687500	268.74804687500
312	268.74703979492	268.74703979492	268.74703979492	268.74703979492	268.74703979492	268.74703979492	268.74703979492	268.74703979492	268.74703979492
313	268.73205566406	268.73205566406	268.73205566406	268.73205566406	268.73205566406	268.73205566406	268.73205566406	268.73205566406	268.73205566406
314	268.72103881836	268.72103881836	268.72103881836	268.72103881836	268.72103881836	268.72103881836	268.72103881836	268.72103881836	268.72103881836
315	268.70803833008	268.70803833008	268.70803833008	268.70803833008	268.70803833008	268.70803833008	268.70803833008	268.70803833008	268.70803833008
316	268.68704223633	268.68704223633	268.68704223633	268.68704223633	268.68704223633	268.68704223633	268.68704223633	268.68704223633	268.68704223633
317	268.67004394531	268.67004394531	268.67004394531	268.67004394531	268.67004394531	268.67004394531	268.67004394531	268.67004394531	268.67004394531
318	268.65603637695	268.65603637695	268.65603637695	268.65603637695	268.65603637695	268.65603637695	268.65603637695	268.65603637695	268.65603637695
319	268.65603637695	268.65603637695	268.65603637695	268.65603637695	268.65603637695	268.65603637695	268.65603637695	268.65603637695	268.65603637695
320	268.65805053711	268.65805053711	268.65805053711	268.65805053711	268.65805053711	268.65805053711	268.65805053711	268.65805053711	268.65805053711
321	268.65405273438	268.65405273438	268.65405273438	268.65405273438	268.65405273438	268.65405273438	268.65405273438	268.65405273438	268.65405273438
322	268.63604736328	268.63604736328	268.63604736328	268.63604736328	268.63604736328	268.63604736328	268.63604736328	268.63604736328	268.63604736328
323	268.61804199219	268.61804199219	268.61804199219	268.61804199219	268.61804199219	268.61804199219	268.61804199219	268.61804199219	268.61804199219
324	268.59906005859	268.59906005859	268.59906005859	268.59906005859	268.59906005859	268.59906005859	268.59906005859	268.59906005859	268.59906005859
325	268.58004760742	268.58004760742	268.58004760742	268.58004760742	268.58004760742	268.58004760742	268.58004760742	268.58004760742	268.58004760742
326	268.57104492188	268.57104492188	268.57104492188	268.57104492188	268.57104492188	268.57104492188	268.57104492188	268.57104492188	268.57104492188
327	268.56204223633	268.56204223633	268.56204223633	268.56204223633	268.56204223633	268.56204223633	268.56204223633	268.56204223633	268.56204223633
328	268.54504394531	268.54504394531	268.54504394531	268.54504394531	268.54504394531	268.54504394531	268.54504394531	268.54504394531	268.54504394531
329	268.52005004883	268.52005004883	268.52005004883	268.52005004883	268.52005004883	268.52005004883	268.52005004883	268.52005004883	268.52005004883
330	268.49804687500	268.49804687500	268.49804687500	268.49804687500	268.49804687500	268.49804687500	268.49804687500	268.49804687500	268.49804687500
331	268.47103881836	268.47103881836	268.47103881836	268.47103881836	268.47103881836	268.47103881836	268.47103881836	268.47103881836	268.47103881836
332	268.44705200195	268.44705200195	268.44705200195	268.44705200195	268.44705200195	268.44705200195	268.44705200195	268.44705200195	268.44705200195
333	268.43603515625	268.43603515625	268.43603515625	268.43603515625	268.43603515625	268.43603515625	268.43603515625	268.43603515625	268.43603515625
334	268.41006469727	268.41006469727	268.41006469727	268.41006469727	268.41006469727	268.41006469727	268.41006469727	268.41006469727	268.41006469727
335	268.38006591797	268.38006591797	268.38006591797	268.38006591797	268.38006591797	268.38006591797	268.38006591797	268.38006591797	268.38006591797
336	268.37405395508	268.37405395508	268.37405395508	268.37405395508	268.37405395508	268.37405395508	268.37405395508	268.37405395508	268.37405395508
337	268.33804321289	268.33804321289	268.33804321289	268.33804321289	268.33804321289	268.33804321289	268.33804321289	268.33804321289	268.33804321289
338	268.30804443359	268.30804443359	268.30804443359	268.30804443359	268.30804443359	268.30804443359	268.30804443359	268.30804443359	268.30804443359
339	268.29003906250	268.29003906250	268.29003906250	268.29003906250	268.29003906250	268.29003906250	268.29003906250	268.29003906250	268.29003906250
340	268.25906372070	268.25906372070	268.25906372070	268.25906372070	268.25906372070	268.25906372070	268.25906372070	268.25906372070	268.25906372070
341	268.24404907227	268.24404907227	268.24404907227	268.24404907227	268.24404907227	268.24404907227	268.24404907227	268.24404907227	268.24404907227
342	268.21304321289	268.21304321289	268.21304321289	268.21304321289	268.21304321289	268.21304321289	268.21304321289	268.21304321289	268.21304321289
343	268.19406127930	268.19406127930	268.19406127930	268.19406127930	268.19406127930	268.19406127930	268.19406127930	268.19406127930	268.19406127930
344	268.17306518555	268.17306518555	268.17306518555	268.17306518555	268.17306518555	268.17306518555	268.17306518555	268.17306518555	268.17306518555
345	268.15405273438	268.15405273438	268.15405273438	268.15405273438	268.15405273438	268.15405273438	268.15405273438	268.15405273438	268.15405273438
346	268.13305664063	268.13305664063	268.13305664063	268.13305664063	268.13305664063	268.13305664063	268.13305664063	268.13305664063	268.13305664063
347	268.10305786133	268.10305786133	268.10305786133	268.10305786133	268.10305786133	268.10305786133	268.10305786133	268.10305786133	268.10305786133
348	268.08105468750	268.08105468750	268.08105468750	268.08105468750	268.08105468750	268.08105468750	268.08105468750	268.08105468750	268.08105468750
349	268.07003784180	268.07003784180	268.07003784180	268.07003784180	268.07003784180	268.07003784180	268.07003784180	268.07003784180	268.07003784180
350	268.04104614258	268.04104614258	268.04104614258	268.04104614258	268.04104614258	268.04104614258	268.04104614258	268.04104614258	268.04104614258
351	268.02304077148	268.02304077148	268.02304077148	268.02304077148	268.02304077148	268.02304077148	268.02304077148	268.02304077148	268.02304077148
352	268.00704956055	268.00704956055	268.00704956055	268.00704956055	268.00704956055	268.00704956055	268.00704956055	268.00704956055	268.00704956055
353	267.96905517578	267.96905517578	267.96905517578	267.96905517578	267.96905517578	267.96905517578	267.96905517578	267.96905517578	267.96905517578
354	267.96704101563	267.96704101563	267.96704101563	267.96704101563	267.96704101563	267.96704101563	267.96704101563	267.96704101563	267.96704101563
355	267.94604492188	267.94604492188	267.94604492188	267.94604492188	267.94604492188	267.94604492188	267.94604492188	267.94604492188	267.94604492188
356	267.92605590820	267.92605590820	267.92605590820	267.92605590820	267.92605590820	267.92605590820	267.92605590820	267.92605590820	267.92605590820
357	267.90805053711	267.90805053711	267.90805053711	267.90805053711	267.90805053711	267.90805053711	267.90805053711	267.90805053711	267.90805053711
358	267.88204956055	267.88204956055	267.88204956055	267.88204956055	267.88204956055	267.88204956055	267.88204956055	267.88204956055	267.88204956055
359	267.86105346680	267.86105346680	267.86105346680	267.86105346680	267.86105346680	267.86105346680	267.86105346680	267.86105346680	267.86105346680
360	267.84304809570	267.84304809570	267.84304809570	267.84304809570	267.84304809570	267.84304809570	267.84304809570	267.84304809570	267.84304809570
361	267.81906127930	267.81906127930	267.81906127930	267.81906127930	267.81906127930	267.81906127930	267.81906127930	267.81906127930	267.81906127930
362	267.80303955078	267.80303955078	267.80303955078	267.80303955078	267.80303955078	267.80303955078	267.80303955078	267.80303955078	267.80303955078
363	267.79104614258	267.79104614258	267.79104614258	267.79104614258	267.79104614258	267.79104614258	267.79104614258	267.79104614258	267.79104614258
364	267.76705932617	267.76705932617	267.76705932617	267.76705932617	267.76705932617	267.76705932617	267.76705932617	267.76705932617	267.76705932617
365	267.73605346680	267.73605346680	267.73605346680	267.73605346680	267.73605346680	267.73605346680	267.73605346680	267.73605346680	267.73605346680
366	267.71804809570	267.71804809570	267.71804809570	267.71804809570	267.71804809570	267.71804809570	267.71804809570	267.71804809570	267.71804809570
367	267.70404052734	267.70404052734	267.70404052734	267.70404052734	267.70404052734	267.70404052734	267.70404052734	267.70404052734	267.70404052734
368	267.67605590820	267.67605590820	267.67605590820	267.67605590820	267.67605590820	267.67605590820	267.67605590820	267.67605590820	267.67605590820
369	267.64804077148	267.64804077148	267.64804077148	267.64804077148	267.64804077148	267.64804077148	267.64804077148	267.64804077148	267.64804077148
370	267.63305664063	267.63305664063	267.63305664063	267.63305664063	267.63305664063	267.63305664063	267.63305664063	267.63305664063	267.63305664063
371	267.61404418945	267.61404418945	267.61404418945	267.61404418945	267.61404418945	267.61404418945	267.61404418945	267.61404418945	267.61404418945
372	267.60205078125	267.60205078125	267.60205078125	267.60205078125	267.60205078125	267.60205078125	267.60205078125	267.60205078125	267.60205078125
373	267.60003662109	267.60003662109	267.60003662109	267.60003662109	267.60003662109	267.60003662109	267.60003662109	267.60003662109	267.60003662109
374	267.60205078125	267.60205078125	267.60205078125	267.60205078125	267.60205078125	267.60205078125	267.60205078125	267.60205078125	267.60205078125
375	267.59906005859	267.59906005859	267.59906005859	267.59906005859	267.59906005859	267.59906005859	267.59906005859	267.59906005859	267.59906005859
376	267.59405517578	267.59405517578	267.59405517578	267.59405517578	267.59405517578	267.59405517578	267.59405517578	267.59405517578	267.59405517578
377	267.59005737305	267.59005737305	267.59005737305	267.59005737305	267.59005737305	267.59005737305	267.59005737305	267.59005737305	267.59005737305
378	267.57003784180	267.57003784180	267.57003784180	267.57003784180	267.57003784180	267.57003784180	267.57003784180	267.57003784180	267.57003784180
379	267.55905151367	267.55905151367	267.55905151367	267.55905151367	267.55905151367	267.55905151367	267.55905151367	267.55905151367	267.55905151367
380	267.54306030273	267.54306030273	267.54306030273	267.54306030273	267.54306030273	267.54306030273	267.54306030273	267.54306030273	267.54306030273
381	267.52206420898	267.52206420898	267.52206420898	267.52206420898	267.52206420898	267.52206420898	267.52206420898	267.52206420898	267.52206420898
382	267.50503540039	267.50503540039	267.50503540039	267.50503540039	267.50503540039	267.50503540039	267.50503540039	267.50503540039	267.50503540039
383	267.49606323242	267.49606323242	267.49606323242	267.49606323242	267.49606323242	267.49606323242	267.49606323242	267.49606323242	267.49606323242
384	267.47805786133	267.47805786133	267.47805786133	267.47805786133	267.47805786133	267.47805786133	267.47805786133	267.47805786133	267.47805786133
385	267.46804809570	267.46804809570	267.46804809570	267.46804809570	267.46804809570	267.46804809570	267.46804809570	267.46804809570	267.46804809570
386	267.46005249023	267.46005249023	267.46005249023	267.46005249023	267.46005249023	267.46005249023	267.46005249023	267.46005249023	267.46005249023
387	267.44006347656	267.44006347656	267.44006347656	267.44006347656	267.44006347656	267.44006347656	267.44006347656	267.44006347656	267.44006347656
388	267.42105102539	267.42105102539	267.42105102539	267.42105102539	267.42105102539	267.42105102539	267.42105102539	267.42105102539	267.42105102539
389	267.40505981445	267.40505981445	267.40505981445	267.40505981445	267.40505981445	267.40505981445	267.40505981445	267.40505981445	267.40505981445
390	267.38903808594	267.38903808594	267.38903808594	267.38903808594	267.38903808594	267.38903808594	267.38903808594	267.38903808594	267.38903808594
391	267.37106323242	267.37106323242	267.37106323242	267.37106323242	267.37106323242	267.37106323242	267.37106323242	267.37106323242	267.37106323242
392	267.35104370117	267.35104370117	267.35104370117	267.35104370117	267.35104370117	267.35104370117	267.35104370117	267.35104370117	267.35104370117
393	267.33404541016	267.33404541016	267.33404541016	267.33404541016	267.33404541016	267.33404541016	267.33404541016	267.33404541016	267.33404541016
394	267.31604003906	267.31604003906	267.31604003906	267.31604003906	267.31604003906	267.31604003906	267.31604003906	267.31604003906	267.31604003906
395	267.30606079102	267.30606079102	267.30606079102	267.30606079102	267.30606079102	267.30606079102	267.30606079102	267.30606079102	267.30606079102
396	267.28906250000	267.28906250000	267.28906250000	267.28906250000	267.28906250000	267.28906250000	267.28906250000	267.28906250000	267.28906250000
397	267.27505493164	267.27505493164	267.27505493164	267.27505493164	267.27505493164	267.27505493164	267.27505493164	267.27505493164	267.27505493164
398	267.25906372070	267.25906372070	267.25906372070	267.25906372070	267.25906372070	267.25906372070	267.25906372070	267.25906372070	267.25906372070
399	267.24404907227	267.24404907227	267.24404907227	267.24404907227	267.24404907227	267.24404907227	267.24404907227	267.24404907227	267.24404907227
400	267.22906494141	267.22906494141	267.22906494141	267.22906494141	267.22906494141	267.22906494141	267.22906494141	267.22906494141	267.22906494141
401	267.21505737305	267.21505737305	267.21505737305	267.21505737305	267.21505737305	267.21505737305	267.21505737305	267.21505737305	267.21505737305
402	267.20104980469	267.20104980469	267.20104980469	267.20104980469	267.20104980469	267.20104980469	267.20104980469	267.20104980469	267.20104980469
403	267.18804931641	267.18804931641	267.18804931641	267.18804931641	267.18804931641	267.18804931641	267.18804931641	267.18804931641	267.18804931641
404	267.17504882813	267.17504882813	267.17504882813	267.17504882813	267.17504882813	267.17504882813	267.17504882813	267.17504882813	267.17504882813
405	267.16204833984	267.16204833984	267.16204833984	267.16204833984	267.16204833984	267.16204833984	267.16204833984	267.16204833984	267.16204833984
406	267.14904785156	267.14904785156	267.14904785156	267.14904785156	267.14904785156	267.14904785156	267.14904785156	267.14904785156	267.14904785156
407	267.13604736328	267.13604736328	267.13604736328	267.13604736328	267.13604736328	267.13604736328	267.13604736328	267.13604736328	267.13604736328
408	267.12304687500	267.12304687500	267.12304687500	267.12304687500	267.12304687500	267.12304687500	267.12304687500	267.12304687500	267.12304687500
409	267.11105346680	267.11105346680	267.11105346680	267.11105346680	267.11105346680	267.11105346680	267.11105346680	267.11105346680	267.11105346680
410	267.09906005859	267.09906005859	267.09906005859	267.09906005859	267.09906005859	267.09906005859	267.09906005859	267.09906005859	267.09906005859
411	267.08703613281	267.08703613281	267.08703613281	267.08703613281	267.08703613281	267.08703613281	267.08703613281	267.08703613281	267.08703613281
412	267.07504272461	267.07504272461	267.07504272461	267.07504272461	267.07504272461	267.07504272461	267.07504272461	267.07504272461	267.07504272461
413	267.06405639648	267.06405639648	267.06405639648	267.06405639648	267.06405639648	267.06405639648	267.06405639648	267.06405639648	267.06405639648
414	267.05206298828	267.05206298828	267.05206298828	267.05206298828	267.05206298828	267.05206298828	267.05206298828	267.05206298828	267.05206298828
415	267.04104614258	267.04104614258	267.04104614258	267.04104614258	267.04104614258	267.04104614258	267.04104614258	267.04104614258	267.04104614258
416	267.03005981445	267.03005981445	267.03005981445	267.03005981445	267.03005981445	267.03005981445	267.03005981445	267.03005981445	267.03005981445
417	267.02005004883	267.02005004883	267.02005004883	267.02005004883	267.02005004883	267.02005004883	267.02005004883	267.02005004883	267.02005004883
418	267.00906372070	267.00906372070	267.00906372070	267.00906372070	267.00906372070	267.00906372070	267.00906372070	267.00906372070	267.00906372070
419	266.99905395508	266.99905395508	266.99905395508	266.99905395508	266.99905395508	266.99905395508	266.99905395508	266.99905395508	266.99905395508
420	266.98904418945	266.98904418945	266.98904418945	266.98904418945	266.98904418945	266.98904418945	266.98904418945	266.98904418945	266.98904418945
421	266.97906494141	266.97906494141	266.97906494141	266.97906494141	266.97906494141	266.97906494141	266.97906494141	266.97906494141	266.97906494141
422	266.96905517578	266.96905517578	266.96905517578	266.96905517578	266.96905517578	266.96905517578	266.96905517578	266.96905517578	266.96905517578
423	266.96005249023	266.96005249023	266.96005249023	266.96005249023	266.96005249023	266.96005249023	266.96005249023	266.96005249023	266.96005249023
424	266.95104980469	266.95104980469	266.95104980469	266.95104980469	266.95104980469	266.95104980469	266.95104980469	266.95104980469	266.95104980469
425	266.94204711914	266.94204711914	266.94204711914	266.94204711914	266.94204711914	266.94204711914	266.94204711914	266.94204711914	266.94204711914
426	266.93304443359	266.93304443359	266.93304443359	266.93304443359	266.93304443359	266.93304443359	266.93304443359	266.93304443359	266.93304443359
427	266.92504882813	266.92504882813	266.92504882813	266.92504882813	266.92504882813	266.92504882813	266.92504882813	266.92504882813	266.92504882813
428	266.91604614258	266.91604614258	266.91604614258	266.91604614258	266.91604614258	266.91604614258	266.91604614258	266.91604614258	266.91604614258
429	266.90805053711	266.90805053711	266.90805053711	266.90805053711	266.90805053711	266.90805053711	266.90805053711	266.90805053711	266.90805053711
430	266.90005493164	266.90005493164	266.90005493164	266.90005493164	266.90005493164	266.90005493164	266.90005493164	266.90005493164	266.90005493164
431	266.89303588867	266.89303588867	266.89303588867	266.89303588867	266.89303588867	266.89303588867	266.89303588867	266.89303588867	266.89303588867
432	266.88504028320	266.88504028320	266.88504028320	266.88504028320	266.88504028320	266.88504028320	266.88504028320	266.88504028320	266.88504028320
433	266.87805175781	266.87805175781	266.87805175781	266.87805175781	266.87805175781	266.87805175781	266.87805175781	266.87805175781	266.87805175781
434	266.87106323242	266.87106323242	266.87106323242	266.87106323242	266.87106323242	266.87106323242	266.87106323242	266.87106323242	266.87106323242
435	266.86505126953	266.86505126953	266.86505126953	266.86505126953	266.86505126953	266.86505126953	266.86505126953	266.86505126953	266.86505126953
436	266.85806274414	266.85806274414	266.85806274414	266.85806274414	266.85806274414	266.85806274414	266.85806274414	266.85806274414	266.85806274414
437	266.85205078125	266.85205078125	266.85205078125	266.85205078125	266.85205078125	266.85205078125	266.85205078125	266.85205078125	266.85205078125
438	266.84603881836	266.84603881836	266.84603881836	266.84603881836	266.84603881836	266.84603881836	266.84603881836	266.84603881836	266.84603881836
439	266.84106445313	266.84106445313	266.84106445313	266.84106445313	266.84106445313	266.84106445313	266.84106445313	266.84106445313	266.84106445313
440	266.83505249023	266.83505249023	266.83505249023	266.83505249023	266.83505249023	266.83505249023	266.83505249023	266.83505249023	266.83505249023
441	266.83004760742	266.83004760742	266.83004760742	266.83004760742	266.83004760742	266.83004760742	266.83004760742	266.83004760742	266.83004760742
442	266.82504272461	266.82504272461	266.82504272461	266.82504272461	266.82504272461	266.82504272461	266.82504272461	266.82504272461	266.82504272461
443	266.82003784180	266.82003784180	266.82003784180	266.82003784180	266.82003784180	266.82003784180	266.82003784180	266.82003784180	266.82003784180
444	266.81604003906	266.81604003906	266.81604003906	266.81604003906	266.81604003906	266.81604003906	266.81604003906	266.81604003906	266.81604003906
445	266.81204223633	266.81204223633	266.81204223633	266.81204223633	266.81204223633	266.81204223633	266.81204223633	266.81204223633	266.81204223633
446	266.80804443359	266.80804443359	266.80804443359	266.80804443359	266.80804443359	266.80804443359	266.80804443359	266.80804443359	266.80804443359
447	266.80404663086	266.80404663086	266.80404663086	266.80404663086	266.80404663086	266.80404663086	266.80404663086	266.80404663086	266.80404663086
448	266.80105590820	266.80105590820	266.80105590820	266.80105590820	266.80105590820	266.80105590820	266.80105590820	266.80105590820	266.80105590820
449	266.79705810547	266.79705810547	266.79705810547	266.79705810547	266.79705810547	266.79705810547	266.79705810547	266.79705810547	266.79705810547
450	266.79403686523	266.79403686523	266.79403686523	266.79403686523	266.79403686523	266.79403686523	266.79403686523	266.79403686523	266.79403686523
451	266.79205322266	266.79205322266	266.79205322266	266.79205322266	266.79205322266	266.79205322266	266.79205322266	266.79205322266	266.79205322266
452	266.78906250000	266.78906250000	266.78906250000	266.78906250000	266.78906250000	266.78906250000	266.78906250000	266.78906250000	266.78906250000
453	266.78704833984	266.78704833984	266.78704833984	266.78704833984	266.78704833984	266.78704833984	266.78704833984	266.78704833984	266.78704833984
454	266.78506469727	266.78506469727	266.78506469727	266.78506469727	266.78506469727	266.78506469727	266.78506469727	266.78506469727	266.78506469727
455	266.78305053711	266.78305053711	266.78305053711	266.78305053711	266.78305053711	266.78305053711	266.78305053711	266.78305053711	266.78305053711
456	266.78204345703	266.78204345703	266.78204345703	266.78204345703	266.78204345703	266.78204345703	266.78204345703	266.78204345703	266.78204345703
457	266.78005981445	266.78005981445	266.78005981445	266.78005981445	266.78005981445	266.78005981445	266.78005981445	266.78005981445	266.78005981445
458	266.77905273438	266.77905273438	266.77905273438	266.77905273438	266.77905273438	266.77905273438	266.77905273438	266.77905273438	266.77905273438
459	266.77804565430	266.77804565430	266.77804565430	266.77804565430	266.77804565430	266.77804565430	266.77804565430	266.77804565430	266.77804565430
460	266.77804565430	266.77804565430	266.77804565430	266.77804565430	266.77804565430	266.77804565430	266.77804565430	266.77804565430	266.77804565430
461	266.77703857422	266.77703857422	266.77703857422	266.77703857422	266.77703857422	266.77703857422	266.77703857422	266.77703857422	266.77703857422
462	266.77703857422	266.77703857422	266.77703857422	266.77703857422	266.77703857422	266.77703857422	266.77703857422	266.77703857422	266.77703857422
463	266.77703857422	266.77703857422	266.77703857422	266.77703857422	266.77703857422	266.77703857422	266.77703857422	266.77703857422	266.77703857422
464	266.77703857422	266.77703857422	266.77703857422	266.77703857422	266.77703857422	266.77703857422	266.77703857422	266.77703857422	266.77703857422
465	266.77703857422	266.77703857422	266.77703857422	266.77703857422	266.77703857422	266.77703857422	266.77703857422	266.77703857422	266.77703857422
466	266.77703857422	266.77703857422	266.77703857422	266.77703857422	266.77703857422	266.77703857422	266.77703857422	266.77703857422	266.77703857422
467	266.77703857422	266.77703857422	266.77703857422	266.77703857422	266.77703857422	266.77703857422	266.77703857422	266.77703857422	266.77703857422
468	266.77804565430	266.77804565430	266.77804565430	266.77804565430	266.77804565430	266.77804565430	266.77804565430	266.77804565430	266.77804565430
469	266.77905273438	266.77905273438	266.77905273438	266.77905273438	266.77905273438	266.77905273438	266.77905273438	266.77905273438	266.77905273438
470	266.77905273438	266.77905273438	266.77905273438	266.77905273438	266.77905273438	266.77905273438	266.77905273438	266.77905273438	266.77905273438
471	266.78005981445	266.78005981445	266.78005981445	266.78005981445	266.78005981445	266.78005981445	266.78005981445	266.78005981445	266.78005981445
472	266.78103637695	266.78103637695	266.78103637695	266.78103637695	266.78103637695	266.78103637695	266.78103637695	266.78103637695	266.78103637695
473	266.78204345703	266.78204345703	266.78204345703	266.78204345703	266.78204345703	266.78204345703	266.78204345703	266.78204345703	266.78204345703
474	266.78305053711	266.78305053711	266.78305053711	266.78305053711	266.78305053711	266.78305053711	266.78305053711	266.78305053711	266.78305053711
475	266.78405761719	266.78405761719	266.78405761719	266.78405761719	266.78405761719	266.78405761719	266.78405761719	266.78405761719	266.78405761719
476	266.78604125977	266.78604125977	266.78604125977	266.78604125977	266.78604125977	266.78604125977	266.78604125977	266.78604125977	266.78604125977
477	266.78704833984	266.78704833984	266.78704833984	266.78704833984	266.78704833984	266.78704833984	266.78704833984	266.78704833984	266.78704833984
478	266.78805541992	266.78805541992	266.78805541992	266.78805541992	266.78805541992	266.78805541992	266.78805541992	266.78805541992	266.78805541992
479	266.78906250000	266.78906250000	266.78906250000	266.78906250000	266.78906250000	266.78906250000	266.78906250000	266.78906250000	266.78906250000
480	266.79003906250	266.79003906250	266.79003906250	266.79003906250	266.79003906250	266.79003906250	266.79003906250	266.79003906250	266.79003906250
481	266.79104614258	266.79104614258	266.79104614258	266.79104614258	266.79104614258	266.79104614258	266.79104614258	266.79104614258	266.79104614258
482	266.79306030273	266.79306030273	266.79306030273	266.79306030273	266.79306030273	266.79306030273	266.79306030273	266.79306030273	266.79306030273
483	266.79403686523	266.79403686523	266.79403686523	266.79403686523	266.79403686523	266.79403686523	266.79403686523	266.79403686523	266.79403686523
484	266.79504394531	266.79504394531	266.79504394531	266.79504394531	266.79504394531	266.79504394531	266.79504394531	266.79504394531	266.79504394531
485	266.79605102539	266.79605102539	266.79605102539	266.79605102539	266.79605102539	266.79605102539	266.79605102539	266.79605102539	266.79605102539
486	266.79705810547	266.79705810547	266.79705810547	266.79705810547	266.79705810547	266.79705810547	266.79705810547	266.79705810547	266.79705810547
487	266.79806518555	266.79806518555	266.79806518555	266.79806518555	266.79806518555	266.79806518555	266.79806518555	266.79806518555	266.79806518555
488	266.79806518555	266.79806518555	266.79806518555	266.79806518555	266.79806518555	266.79806518555	266.79806518555	266.79806518555	266.79806518555
489	266.79904174805	266.79904174805	266.79904174805	266.79904174805	266.79904174805	266.79904174805	266.79904174805	266.79904174805	266.79904174805
490	266.80004882813	266.80004882813	266.80004882813	266.80004882813	266.80004882813	266.80004882813	266.80004882813	266.80004882813	266.80004882813
491	266.80004882813	266.80004882813	266.80004882813	266.80004882813	266.80004882813	266.80004882813	266.80004882813	266.80004882813	266.80004882813
492	266.80004882813	266.80004882813	266.80004882813	266.80004882813	266.80004882813	266.80004882813	266.80004882813	266.80004882813	266.80004882813
493	266.80004882813	266.80004882813	266.80004882813	266.80004882813	266.80004882813	266.80004882813	266.80004882813	266.80004882813	266.80004882813
494	266.80004882813	266.80004882813	266.80004882813	266.80004882813	266.80004882813	266.80004882813	266.80004882813	266.80004882813	266.80004882813
495	266.80004882813	266.80004882813	266.80004882813	266.80004882813	266.80004882813	266.80004882813	266.80004882813	266.80004882813	266.80004882813
496	266.80004882813	266.80004882813	266.80004882813	266.80004882813	266.80004882813	266.80004882813	266.80004882813	266.80004882813	266.80004882813
497	266.79904174805	266.79904174805	266.79904174805	266.79904174805	266.79904174805	266.79904174805	266.79904174805	266.79904174805	266.79904174805
498	266.79904174805	266.79904174805	266.79904174805	266.79904174805	266.79904174805	266.79904174805	266.79904174805	266.79904174805	266.79904174805
499	266.79806518555	266.79806518555	266.79806518555	266.79806518555	266.79806518555	266.79806518555	266.79806518555	266.79806518555	266.79806518555
500	266.79605102539	266.79605102539	266.79605102539	266.79605102539	266.79605102539	266.79605102539	266.79605102539	266.79605102539	266.79605102539
501	266.79504394531	266.79504394531	266.79504394531	266.79504394531	266.79504394531	266.79504394531	266.79504394531	266.79504394531	266.79504394531
502	266.79306030273	266.79306030273	266.79306030273	266.79306030273	266.79306030273	266.79306030273	266.79306030273	266.79306030273	266.79306030273
503	266.79104614258	266.79104614258	266.79104614258	266.79104614258	266.79104614258	266.79104614258	266.79104614258	266.79104614258	266.79104614258
504	266.78906250000	266.78906250000	266.78906250000	266.78906250000	266.78906250000	266.78906250000	266.78906250000	266.78906250000	266.78906250000
505	266.78704833984	266.78704833984	266.78704833984	266.78704833984	266.78704833984	266.78704833984	266.78704833984	266.78704833984	266.78704833984
506	266.78405761719	266.78405761719	266.78405761719	266.78405761719	266.78405761719	266.78405761719	266.78405761719	266.78405761719	266.78405761719
507	266.78103637695	266.78103637695	266.78103637695	266.78103637695	266.78103637695	266.78103637695	266.78103637695	266.78103637695	266.78103637695
508	266.77703857422	266.77703857422	266.77703857422	266.77703857422	266.77703857422	266.77703857422	266.77703857422	266.77703857422	266.77703857422
509	266.77304077148	266.77304077148	266.77304077148	266.77304077148	266.77304077148	266.77304077148	266.77304077148	266.77304077148	266.77304077148
510	266.76904296875	266.76904296875	266.76904296875	266.76904296875	266.76904296875	266.76904296875	266.76904296875	266.76904296875	266.76904296875
511	266.76504516602	266.76504516602	266.76504516602	266.76504516602	266.76504516602	266.76504516602	266.76504516602	266.76504516602	266.76504516602
512	266.76004028320	266.76004028320	266.76004028320	266.76004028320	266.76004028320	266.76004028320	266.76004028320	266.76004028320	266.76004028320
513	266.75503540039	266.75503540039	266.75503540039	266.75503540039	266.75503540039	266.75503540039	266.75503540039	266.75503540039	266.75503540039
514	266.75006103516	266.75006103516	266.75006103516	266.75006103516	266.75006103516	266.75006103516	266.75006103516	266.75006103516	266.75006103516
515	266.74404907227	266.74404907227	266.74404907227	266.74404907227	266.74404907227	266.74404907227	266.74404907227	266.74404907227	266.74404907227
516	266.73803710938	266.73803710938	266.73803710938	266.73803710938	266.73803710938	266.73803710938	266.73803710938	266.73803710938	266.73803710938
517	266.73104858398	266.73104858398	266.73104858398	266.73104858398	266.73104858398	266.73104858398	266.73104858398	266.73104858398	266.73104858398
518	266.72503662109	266.72503662109	266.72503662109	266.72503662109	266.72503662109	266.72503662109	266.72503662109	266.72503662109	266.72503662109
519	266.71704101563	266.71704101563	266.71704101563	266.71704101563	266.71704101563	266.71704101563	266.71704101563	266.71704101563	266.71704101563
520	266.71005249023	266.71005249023	266.71005249023	266.71005249023	266.71005249023	266.71005249023	266.71005249023	266.71005249023	266.71005249023
521	266.70205688477	266.70205688477	266.70205688477	266.70205688477	266.70205688477	266.70205688477	266.70205688477	266.70205688477	266.70205688477
522	266.69406127930	266.69406127930	266.69406127930	266.69406127930	266.69406127930	266.69406127930	266.69406127930	266.69406127930	266.69406127930
523	266.68505859375	266.68505859375	266.68505859375	266.68505859375	266.68505859375	266.68505859375	266.68505859375	266.68505859375	266.68505859375
524	266.67706298828	266.67706298828	266.67706298828	266.67706298828	266.67706298828	266.67706298828	266.67706298828	266.67706298828	266.67706298828
525	266.66705322266	266.66705322266	266.66705322266	266.66705322266	266.66705322266	266.66705322266	266.66705322266	266.66705322266	266.66705322266
526	266.65805053711	266.65805053711	266.65805053711	266.65805053711	266.65805053711	266.65805053711	266.65805053711	266.65805053711	266.65805053711
527	266.64804077148	266.64804077148	266.64804077148	266.64804077148	266.64804077148	266.64804077148	266.64804077148	266.64804077148	266.64804077148
528	266.63806152344	266.63806152344	266.63806152344	266.63806152344	266.63806152344	266.63806152344	266.63806152344	266.63806152344	266.63806152344
529	266.62805175781	266.62805175781	266.62805175781	266.62805175781	266.62805175781	266.62805175781	266.62805175781	266.62805175781	266.62805175781
530	266.61706542969	266.61706542969	266.61706542969	266.61706542969	266.61706542969	266.61706542969	266.61706542969	266.61706542969	266.61706542969
531	266.60604858398	266.60604858398	266.60604858398	266.60604858398	266.60604858398	266.60604858398	266.60604858398	266.60604858398	266.60604858398
532	266.59506225586	266.59506225586	266.59506225586	266.59506225586	266.59506225586	266.59506225586	266.59506225586	266.59506225586	266.59506225586
533	266.58303833008	266.58303833008	266.58303833008	266.58303833008	266.58303833008	266.58303833008	266.58303833008	266.58303833008	266.58303833008
534	266.57104492188	266.57104492188	266.57104492188	266.57104492188	266.57104492188	266.57104492188	266.57104492188	266.57104492188	266.57104492188
535	266.55905151367	266.55905151367	266.55905151367	266.55905151367	266.55905151367	266.55905151367	266.55905151367	266.55905151367	266.55905151367
536	266.54705810547	266.54705810547	266.54705810547	266.54705810547	266.54705810547	266.54705810547	266.54705810547	266.54705810547	266.54705810547
537	266.53506469727	266.53506469727	266.53506469727	266.53506469727	266.53506469727	266.53506469727	266.53506469727	266.53506469727	266.53506469727
538	266.52206420898	266.52206420898	266.52206420898	266.52206420898	266.52206420898	266.52206420898	266.52206420898	266.52206420898	266.52206420898
539	266.50906372070	266.50906372070	266.50906372070	266.50906372070	266.50906372070	266.50906372070	266.50906372070	266.50906372070	266.50906372070
540	266.49606323242	266.49606323242	266.49606323242	266.49606323242	266.49606323242	266.49606323242	266.49606323242	266.49606323242	266.49606323242
541	266.48205566406	266.48205566406	266.48205566406	266.48205566406	266.48205566406	266.48205566406	266.48205566406	266.48205566406	266.48205566406
542	266.46905517578	266.46905517578	266.46905517578	266.46905517578	266.46905517578	266.46905517578	266.46905517578	266.46905517578	266.46905517578
543	266.45504760742	266.45504760742	266.45504760742	266.45504760742	266.45504760742	266.45504760742	266.45504760742	266.45504760742	266.45504760742
544	266.44104003906	266.44104003906	266.44104003906	266.44104003906	266.44104003906	266.44104003906	266.44104003906	266.44104003906	266.44104003906
545	266.42706298828	266.42706298828	266.42706298828	266.42706298828	266.42706298828	266.42706298828	266.42706298828	266.42706298828	266.42706298828
546	266.41305541992	266.41305541992	266.41305541992	266.41305541992	266.41305541992	266.41305541992	266.41305541992	266.41305541992	266.41305541992
547	266.39804077148	266.39804077148	266.39804077148	266.39804077148	266.39804077148	266.39804077148	266.39804077148	266.39804077148	266.39804077148
548	266.38406372070	266.38406372070	266.38406372070	266.38406372070	266.38406372070	266.38406372070	266.38406372070	266.38406372070	266.38406372070
549	266.36904907227	266.36904907227	266.36904907227	266.36904907227	266.36904907227	266.36904907227	266.36904907227	266.36904907227	266.36904907227
550	266.35406494141	266.35406494141	266.35406494141	266.35406494141	266.35406494141	266.35406494141	266.35406494141	266.35406494141	266.35406494141
551	266.33905029297	266.33905029297	266.33905029297	266.33905029297	266.33905029297	266.33905029297	266.33905029297	266.33905029297	266.33905029297
552	266.32403564453	266.32403564453	266.32403564453	266.32403564453	266.32403564453	266.32403564453	266.32403564453	266.32403564453	266.32403564453
553	266.30905151367	266.30905151367	266.30905151367	266.30905151367	266.30905151367	266.30905151367	266.30905151367	266.30905151367	266.30905151367
554	266.29403686523	266.29403686523	266.29403686523	266.29403686523	266.29403686523	266.29403686523	266.29403686523	266.29403686523	266.29403686523
555	266.27905273438	266.27905273438	266.27905273438	266.27905273438	266.27905273438	266.27905273438	266.27905273438	266.27905273438	266.27905273438
556	266.26306152344	266.26306152344	266.26306152344	266.26306152344	266.26306152344	266.26306152344	266.26306152344	266.26306152344	266.26306152344
557	266.24804687500	266.24804687500	266.24804687500	266.24804687500	266.24804687500	266.24804687500	266.24804687500	266.24804687500	266.24804687500
558	266.23205566406	266.23205566406	266.23205566406	266.23205566406	266.23205566406	266.23205566406	266.23205566406	266.23205566406	266.23205566406
559	266.21704101563	266.21704101563	266.21704101563	266.21704101563	266.21704101563	266.21704101563	266.21704101563	266.21704101563	266.21704101563
560	266.20104980469	266.20104980469	266.20104980469	266.20104980469	266.20104980469	266.20104980469	266.20104980469	266.20104980469	266.20104980469
561	266.18505859375	266.18505859375	266.18505859375	266.18505859375	266.18505859375	266.18505859375	266.18505859375	266.18505859375	266.18505859375
562	266.16903686523	266.16903686523	266.16903686523	266.16903686523	266.16903686523	266.16903686523	266.16903686523	266.16903686523	266.16903686523
563	266.15304565430	266.15304565430	266.15304565430	266.15304565430	266.15304565430	266.15304565430	266.15304565430	266.15304565430	266.15304565430
564	266.13705444336	266.13705444336	266.13705444336	266.13705444336	266.13705444336	266.13705444336	266.13705444336	266.13705444336	266.13705444336
565	266.12106323242	266.12106323242	266.12106323242	266.12106323242	266.12106323242	266.12106323242	266.12106323242	266.12106323242	266.12106323242
566	266.10504150391	266.10504150391	266.10504150391	266.10504150391	266.10504150391	266.10504150391	266.10504150391	266.10504150391	266.10504150391
567	266.08905029297	266.08905029297	266.08905029297	266.08905029297	266.08905029297	266.08905029297	266.08905029297	266.08905029297	266.08905029297
568	266.07305908203	266.07305908203	266.07305908203	266.07305908203	266.07305908203	266.07305908203	266.07305908203	266.07305908203	266.07305908203
569	266.05703735352	266.05703735352	266.05703735352	266.05703735352	266.05703735352	266.05703735352	266.05703735352	266.05703735352	266.05703735352
570	266.04104614258	266.04104614258	266.04104614258	266.04104614258	266.04104614258	266.04104614258	266.04104614258	266.04104614258	266.04104614258
571	266.02404785156	266.02404785156	266.02404785156	266.02404785156	266.02404785156	266.02404785156	266.02404785156	266.02404785156	266.02404785156
572	266.00805664063	266.00805664063	266.00805664063	266.00805664063	266.00805664063	266.00805664063	266.00805664063	266.00805664063	266.00805664063
573	265.99206542969	265.99206542969	265.99206542969	265.99206542969	265.99206542969	265.99206542969	265.99206542969	265.99206542969	265.99206542969
574	265.97604370117	265.97604370117	265.97604370117	265.97604370117	265.97604370117	265.97604370117	265.97604370117	265.97604370117	265.97604370117
575	265.96005249023	265.96005249023	265.96005249023	265.96005249023	265.96005249023	265.96005249023	265.96005249023	265.96005249023	265.96005249023
576	265.94406127930	265.94406127930	265.94406127930	265.94406127930	265.94406127930	265.94406127930	265.94406127930	265.94406127930	265.94406127930
577	265.92706298828	265.92706298828	265.92706298828	265.92706298828	265.92706298828	265.92706298828	265.92706298828	265.92706298828	265.92706298828
578	265.91104125977	265.91104125977	265.91104125977	265.91104125977	265.91104125977	265.91104125977	265.91104125977	265.91104125977	265.91104125977
579	265.89605712891	265.89605712891	265.89605712891	265.89605712891	265.89605712891	265.89605712891	265.89605712891	265.89605712891	265.89605712891
580	265.88003540039	265.88003540039	265.88003540039	265.88003540039	265.88003540039	265.88003540039	265.88003540039	265.88003540039	265.88003540039
581	265.86404418945	265.86404418945	265.86404418945	265.86404418945	265.86404418945	265.86404418945	265.86404418945	265.86404418945	265.86404418945
582	265.84805297852	265.84805297852	265.84805297852	265.84805297852	265.84805297852	265.84805297852	265.84805297852	265.84805297852	265.84805297852
583	265.83303833008	265.83303833008	265.83303833008	265.83303833008	265.83303833008	265.83303833008	265.83303833008	265.83303833008	265.83303833008
584	265.81704711914	265.81704711914	265.81704711914	265.81704711914	265.81704711914	265.81704711914	265.81704711914	265.81704711914	265.81704711914
585	265.80206298828	265.80206298828	265.80206298828	265.80206298828	265.80206298828	265.80206298828	265.80206298828	265.80206298828	265.80206298828
586	265.78704833984	265.78704833984	265.78704833984	265.78704833984	265.78704833984	265.78704833984	265.78704833984	265.78704833984	265.78704833984
587	265.77206420898	265.77206420898	265.77206420898	265.77206420898	265.77206420898	265.77206420898	265.77206420898	265.77206420898	265.77206420898
588	265.75805664063	265.75805664063	265.75805664063	265.75805664063	265.75805664063	265.75805664063	265.75805664063	265.75805664063	265.75805664063
589	265.74304199219	265.74304199219	265.74304199219	265.74304199219	265.74304199219	265.74304199219	265.74304199219	265.74304199219	265.74304199219
590	265.72906494141	265.72906494141	265.72906494141	265.72906494141	265.72906494141	265.72906494141	265.72906494141	265.72906494141	265.72906494141
591	265.71505737305	265.71505737305	265.71505737305	265.71505737305	265.71505737305	265.71505737305	265.71505737305	265.71505737305	265.71505737305
592	265.70205688477	265.70205688477	265.70205688477	265.70205688477	265.70205688477	265.70205688477	265.70205688477	265.70205688477	265.70205688477
593	265.68905639648	265.68905639648	265.68905639648	265.68905639648	265.68905639648	265.68905639648	265.68905639648	265.68905639648	265.68905639648
594	265.67605590820	265.67605590820	265.67605590820	265.67605590820	265.67605590820	265.67605590820	265.67605590820	265.67605590820	265.67605590820
595	265.66305541992	265.66305541992	265.66305541992	265.66305541992	265.66305541992	265.66305541992	265.66305541992	265.66305541992	265.66305541992
596	265.65005493164	265.65005493164	265.65005493164	265.65005493164	265.65005493164	265.65005493164	265.65005493164	265.65005493164	265.65005493164
597	265.63806152344	265.63806152344	265.63806152344	265.63806152344	265.63806152344	265.63806152344	265.63806152344	265.63806152344	265.63806152344
598	265.62704467773	265.62704467773	265.62704467773	265.62704467773	265.62704467773	265.62704467773	265.62704467773	265.62704467773	265.62704467773
599	265.61505126953	265.61505126953	265.61505126953	265.61505126953	265.61505126953	265.61505126953	265.61505126953	265.61505126953	265.61505126953
600	265.60406494141	265.60406494141	265.60406494141	265.60406494141	265.60406494141	265.60406494141	265.60406494141	265.60406494141	265.60406494141
601	265.59304809570	265.59304809570	265.59304809570	265.59304809570	265.59304809570	265.59304809570	265.59304809570	265.59304809570	265.59304809570
602	265.58303833008	265.58303833008	265.58303833008	265.58303833008	265.58303833008	265.58303833008	265.58303833008	265.58303833008	265.58303833008
603	265.57305908203	265.57305908203	265.57305908203	265.57305908203	265.57305908203	265.57305908203	265.57305908203	265.57305908203	265.57305908203
604	265.56304931641	265.56304931641	265.56304931641	265.56304931641	265.56304931641	265.56304931641	265.56304931641	265.56304931641	265.56304931641
605	265.55404663086	265.55404663086	265.55404663086	265.55404663086	265.55404663086	265.55404663086	265.55404663086	265.55404663086	265.55404663086
606	265.54403686523	265.54403686523	265.54403686523	265.54403686523	265.54403686523	265.54403686523	265.54403686523	265.54403686523	265.54403686523
607	265.53604125977	265.53604125977	265.53604125977	265.53604125977	265.53604125977	265.53604125977	265.53604125977	265.53604125977	265.53604125977
608	265.52703857422	265.52703857422	265.52703857422	265.52703857422	265.52703857422	265.52703857422	265.52703857422	265.52703857422	265.52703857422
609	265.51904296875	265.51904296875	265.51904296875	265.51904296875	265.51904296875	265.51904296875	265.51904296875	265.51904296875	265.51904296875
610	265.51205444336	265.51205444336	265.51205444336	265.51205444336	265.51205444336	265.51205444336	265.51205444336	265.51205444336	265.51205444336
611	265.50405883789	265.50405883789	265.50405883789	265.50405883789	265.50405883789	265.50405883789	265.50405883789	265.50405883789	265.50405883789
612	265.49703979492	265.49703979492	265.49703979492	265.49703979492	265.49703979492	265.49703979492	265.49703979492	265.49703979492	265.49703979492
613	265.49105834961	265.49105834961	265.49105834961	265.49105834961	265.49105834961	265.49105834961	265.49105834961	265.49105834961	265.49105834961
614	265.48403930664	265.48403930664	265.48403930664	265.48403930664	265.48403930664	265.48403930664	265.48403930664	265.48403930664	265.48403930664
615	265.47805786133	265.47805786133	265.47805786133	265.47805786133	265.47805786133	265.47805786133	265.47805786133	265.47805786133	265.47805786133
616	265.47305297852	265.47305297852	265.47305297852	265.47305297852	265.47305297852	265.47305297852	265.47305297852	265.47305297852	265.47305297852
617	265.46704101563	265.46704101563	265.46704101563	265.46704101563	265.46704101563	265.46704101563	265.46704101563	265.46704101563	265.46704101563
618	265.46304321289	265.46304321289	265.46304321289	265.46304321289	265.46304321289	265.46304321289	265.46304321289	265.46304321289	265.46304321289
619	265.45904541016	265.45904541016	265.45904541016	265.45904541016	265.45904541016	265.45904541016	265.45904541016	265.45904541016	265.45904541016
620	265.45504760742	265.45504760742	265.45504760742	265.45504760742	265.45504760742	265.45504760742	265.45504760742	265.45504760742	265.45504760742
621	265.45104980469	265.45104980469	265.45104980469	265.45104980469	265.45104980469	265.45104980469	265.45104980469	265.45104980469	265.45104980469
622	265.44705200195	265.44705200195	265.44705200195	265.44705200195	265.44705200195	265.44705200195	265.44705200195	265.44705200195	265.44705200195
623	265.44406127930	265.44406127930	265.44406127930	265.44406127930	265.44406127930	265.44406127930	265.44406127930	265.44406127930	265.44406127930
624	265.44104003906	265.44104003906	265.44104003906	265.44104003906	265.44104003906	265.44104003906	265.44104003906	265.44104003906	265.44104003906
625	265.43905639648	265.43905639648	265.43905639648	265.43905639648	265.43905639648	265.43905639648	265.43905639648	265.43905639648	265.43905639648
626	265.43704223633	265.43704223633	265.43704223633	265.43704223633	265.43704223633	265.43704223633	265.43704223633	265.43704223633	265.43704223633
627	265.43603515625	265.43603515625	265.43603515625	265.43603515625	265.43603515625	265.43603515625	265.43603515625	265.43603515625	265.43603515625
628	265.43505859375	265.43505859375	265.43505859375	265.43505859375	265.43505859375	265.43505859375	265.43505859375	265.43505859375	265.43505859375
629	265.43405151367	265.43405151367	265.43405151367	265.43405151367	265.43405151367	265.43405151367	265.43405151367	265.43405151367	265.43405151367
630	265.43405151367	265.43405151367	265.43405151367	265.43405151367	265.43405151367	265.43405151367	265.43405151367	265.43405151367	265.43405151367
631	265.43405151367	265.43405151367	265.43405151367	265.43405151367	265.43405151367	265.43405151367	265.43405151367	265.43405151367	265.43405151367
632	265.43505859375	265.43505859375	265.43505859375	265.43505859375	265.43505859375	265.43505859375	265.43505859375	265.43505859375	265.43505859375
633	265.43603515625	265.43603515625	265.43603515625	265.43603515625	265.43603515625	265.43603515625	265.43603515625	265.43603515625	265.43603515625
634	265.43804931641	265.43804931641	265.43804931641	265.43804931641	265.43804931641	265.43804931641	265.43804931641	265.43804931641	265.43804931641
635	265.44006347656	265.44006347656	265.44006347656	265.44006347656	265.44006347656	265.44006347656	265.44006347656	265.44006347656	265.44006347656
636	265.44204711914	265.44204711914	265.44204711914	265.44204711914	265.44204711914	265.44204711914	265.44204711914	265.44204711914	265.44204711914
637	265.44503784180	265.44503784180	265.44503784180	265.44503784180	265.44503784180	265.44503784180	265.44503784180	265.44503784180	265.44503784180
638	265.44805908203	265.44805908203	265.44805908203	265.44805908203	265.44805908203	265.44805908203	265.44805908203	265.44805908203	265.44805908203
639	265.45205688477	265.45205688477	265.45205688477	265.45205688477	265.45205688477	265.45205688477	265.45205688477	265.45205688477	265.45205688477
640	265.45605468750	265.45605468750	265.45605468750	265.45605468750	265.45605468750	265.45605468750	265.45605468750	265.45605468750	265.45605468750
641	265.46105957031	265.46105957031	265.46105957031	265.46105957031	265.46105957031	265.46105957031	265.46105957031	265.46105957031	265.46105957031
642	265.46606445313	265.46606445313	265.46606445313	265.46606445313	265.46606445313	265.46606445313	265.46606445313	265.46606445313	265.46606445313
643	265.47103881836	265.47103881836	265.47103881836	265.47103881836	265.47103881836	265.47103881836	265.47103881836	265.47103881836	265.47103881836
644	265.47705078125	265.47705078125	265.47705078125	265.47705078125	265.47705078125	265.47705078125	265.47705078125	265.47705078125	265.47705078125
645	265.48403930664	265.48403930664	265.48403930664	265.48403930664	265.48403930664	265.48403930664	265.48403930664	265.48403930664	265.48403930664
646	265.49105834961	265.49105834961	265.49105834961	265.49105834961	265.49105834961	265.49105834961	265.49105834961	265.49105834961	265.49105834961
647	265.49804687500	265.49804687500	265.49804687500	265.49804687500	265.49804687500	265.49804687500	265.49804687500	265.49804687500	265.49804687500
648	265.50604248047	265.50604248047	265.50604248047	265.50604248047	265.50604248047	265.50604248047	265.50604248047	265.50604248047	265.50604248047
649	265.51403808594	265.51403808594	265.51403808594	265.51403808594	265.51403808594	265.51403808594	265.51403808594	265.51403808594	265.51403808594
650	265.52304077148	265.52304077148	265.52304077148	265.52304077148	265.52304077148	265.52304077148	265.52304077148	265.52304077148	265.52304077148
651	265.53305053711	265.53305053711	265.53305053711	265.53305053711	265.53305053711	265.53305053711	265.53305053711	265.53305053711	265.53305053711
652	265.54306030273	265.54306030273	265.54306030273	265.54306030273	265.54306030273	265.54306030273	265.54306030273	265.54306030273	265.54306030273
653	265.55404663086	265.55404663086	265.55404663086	265.55404663086	265.55404663086	265.55404663086	265.55404663086	265.55404663086	265.55404663086
654	265.56506347656	265.56506347656	265.56506347656	265.56506347656	265.56506347656	265.56506347656	265.56506347656	265.56506347656	265.56506347656
655	265.57705688477	265.57705688477	265.57705688477	265.57705688477	265.57705688477	265.57705688477	265.57705688477	265.57705688477	265.57705688477
656	265.59005737305	265.59005737305	265.59005737305	265.59005737305	265.59005737305	265.59005737305	265.59005737305	265.59005737305	265.59005737305
657	265.60305786133	265.60305786133	265.60305786133	265.60305786133	265.60305786133	265.60305786133	265.60305786133	265.60305786133	265.60305786133
658	265.61605834961	265.61605834961	265.61605834961	265.61605834961	265.61605834961	265.61605834961	265.61605834961	265.61605834961	265.61605834961
659	265.63104248047	265.63104248047	265.63104248047	265.63104248047	265.63104248047	265.63104248047	265.63104248047	265.63104248047	265.63104248047
660	265.64605712891	265.64605712891	265.64605712891	265.64605712891	265.64605712891	265.64605712891	265.64605712891	265.64605712891	265.64605712891
661	265.66104125977	265.66104125977	265.66104125977	265.66104125977	265.66104125977	265.66104125977	265.66104125977	265.66104125977	265.66104125977
662	265.67803955078	265.67803955078	265.67803955078	265.67803955078	265.67803955078	265.67803955078	265.67803955078	265.67803955078	265.67803955078
663	265.69406127930	265.69406127930	265.69406127930	265.69406127930	265.69406127930	265.69406127930	265.69406127930	265.69406127930	265.69406127930
664	265.71203613281	265.71203613281	265.71203613281	265.71203613281	265.71203613281	265.71203613281	265.71203613281	265.71203613281	265.71203613281
665	265.73004150391	265.73004150391	265.73004150391	265.73004150391	265.73004150391	265.73004150391	265.73004150391	265.73004150391	265.73004150391
666	265.74905395508	265.74905395508	265.74905395508	265.74905395508	265.74905395508	265.74905395508	265.74905395508	265.74905395508	265.74905395508
667	265.76803588867	265.76803588867	265.76803588867	265.76803588867	265.76803588867	265.76803588867	265.76803588867	265.76803588867	265.76803588867
668	265.78805541992	265.78805541992	265.78805541992	265.78805541992	265.78805541992	265.78805541992	265.78805541992	265.78805541992	265.78805541992
669	265.80804443359	265.80804443359	265.80804443359	265.80804443359	265.80804443359	265.80804443359	265.80804443359	265.80804443359	265.80804443359
670	265.82904052734	265.82904052734	265.82904052734	265.82904052734	265.82904052734	265.82904052734	265.82904052734	265.82904052734	265.82904052734
671	265.85104370117	265.85104370117	265.85104370117	265.85104370117	265.85104370117	265.85104370117	265.85104370117	265.85104370117	265.85104370117
672	265.87304687500	265.87304687500	265.87304687500	265.87304687500	265.87304687500	265.87304687500	265.87304687500	265.87304687500	265.87304687500
673	265.89605712891	265.89605712891	265.89605712891	265.89605712891	265.89605712891	265.89605712891	265.89605712891	265.89605712891	265.89605712891
674	265.91903686523	265.91903686523	265.91903686523	265.91903686523	265.91903686523	265.91903686523	265.91903686523	265.91903686523	265.91903686523
675	265.94305419922	265.94305419922	265.94305419922	265.94305419922	265.94305419922	265.94305419922	265.94305419922	265.94305419922	265.94305419922
676	265.96704101563	265.96704101563	265.96704101563	265.96704101563	265.96704101563	265.96704101563	265.96704101563	265.96704101563	265.96704101563
677	265.99203491211	265.99203491211	265.99203491211	265.99203491211	265.99203491211	265.99203491211	265.99203491211	265.99203491211	265.99203491211
678	266.01803588867	266.01803588867	266.01803588867	266.01803588867	266.01803588867	266.01803588867	266.01803588867	266.01803588867	266.01803588867
679	266.04403686523	266.04403686523	266.04403686523	266.04403686523	266.04403686523	266.04403686523	266.04403686523	266.04403686523	266.04403686523
680	266.07104492188	266.07104492188	266.07104492188	266.07104492188	266.07104492188	266.07104492188	266.07104492188	266.07104492188	266.07104492188
681	266.09805297852	266.09805297852	266.09805297852	266.09805297852	266.09805297852	266.09805297852	266.09805297852	266.09805297852	266.09805297852
682	266.12603759766	266.12603759766	266.12603759766	266.12603759766	266.12603759766	266.12603759766	266.12603759766	266.12603759766	266.12603759766
683	266.15405273438	266.15405273438	266.15405273438	266.15405273438	266.15405273438	266.15405273438	266.15405273438	266.15405273438	266.15405273438
684	266.18304443359	266.18304443359	266.18304443359	266.18304443359	266.18304443359	266.18304443359	266.18304443359	266.18304443359	266.18304443359
685	266.21203613281	266.21203613281	266.21203613281	266.21203613281	266.21203613281	266.21203613281	266.21203613281	266.21203613281	266.21203613281
686	266.24203491211	266.24203491211	266.24203491211	266.24203491211	266.24203491211	266.24203491211	266.24203491211	266.24203491211	266.24203491211
687	266.27206420898	266.27206420898	266.27206420898	266.27206420898	266.27206420898	266.27206420898	266.27206420898	266.27206420898	266.27206420898
688	266.30303955078	266.30303955078	266.30303955078	266.30303955078	266.30303955078	266.30303955078	266.30303955078	266.30303955078	266.30303955078
689	266.33505249023	266.33505249023	266.33505249023	266.33505249023	266.33505249023	266.33505249023	266.33505249023	266.33505249023	266.33505249023
690	266.36703491211	266.36703491211	266.36703491211	266.36703491211	266.36703491211	266.36703491211	266.36703491211	266.36703491211	266.36703491211
691	266.39904785156	266.39904785156	266.39904785156	266.39904785156	266.39904785156	266.39904785156	266.39904785156	266.39904785156	266.39904785156
692	266.43203735352	266.43203735352	266.43203735352	266.43203735352	266.43203735352	266.43203735352	266.43203735352	266.43203735352	266.43203735352
693	266.46606445313	266.46606445313	266.46606445313	266.46606445313	266.46606445313	266.46606445313	266.46606445313	266.46606445313	266.46606445313
694	266.50006103516	266.50006103516	266.50006103516	266.50006103516	266.50006103516	266.50006103516	266.50006103516	266.50006103516	266.50006103516
695	266.53405761719	266.53405761719	266.53405761719	266.53405761719	266.53405761719	266.53405761719	266.53405761719	266.53405761719	266.53405761719
696	266.56906127930	266.56906127930	266.56906127930	266.56906127930	266.56906127930	266.56906127930	266.56906127930	266.56906127930	266.56906127930
697	266.60403442383	266.60403442383	266.60403442383	266.60403442383	266.60403442383	266.60403442383	266.60403442383	266.60403442383	266.60403442383
698	266.64004516602	266.64004516602	266.64004516602	266.64004516602	266.64004516602	266.64004516602	266.64004516602	266.64004516602	266.64004516602
699	266.67706298828	266.67706298828	266.67706298828	266.67706298828	266.67706298828	266.67706298828	266.67706298828	266.67706298828	266.67706298828
700	266.71304321289	266.71304321289	266.71304321289	266.71304321289	266.71304321289	266.71304321289	266.71304321289	266.71304321289	266.71304321289
701	266.75006103516	266.75006103516	266.75006103516	266.75006103516	266.75006103516	266.75006103516	266.75006103516	266.75006103516	266.75006103516
702	266.78805541992	266.78805541992	266.78805541992	266.78805541992	266.78805541992	266.78805541992	266.78805541992	266.78805541992	266.78805541992
703	266.82604980469	266.82604980469	266.82604980469	266.82604980469	266.82604980469	266.82604980469	266.82604980469	266.82604980469	266.82604980469
704	266.86404418945	266.86404418945	266.86404418945	266.86404418945	266.86404418945	266.86404418945	266.86404418945	266.86404418945	266.86404418945
705	266.90304565430	266.90304565430	266.90304565430	266.90304565430	266.90304565430	266.90304565430	266.90304565430	266.90304565430	266.90304565430
706	266.94104003906	266.94104003906	266.94104003906	266.94104003906	266.94104003906	266.94104003906	266.94104003906	266.94104003906	266.94104003906
707	266.98104858398	266.98104858398	266.98104858398	266.98104858398	266.98104858398	266.98104858398	266.98104858398	266.98104858398	266.98104858398
708	267.02005004883	267.02005004883	267.02005004883	267.02005004883	267.02005004883	267.02005004883	267.02005004883	267.02005004883	267.02005004883
709	267.06005859375	267.06005859375	267.06005859375	267.06005859375	267.06005859375	267.06005859375	267.06005859375	267.06005859375	267.06005859375
710	267.10003662109	267.10003662109	267.10003662109	267.10003662109	267.10003662109	267.10003662109	267.10003662109	267.10003662109	267.10003662109
711	267.14004516602	267.14004516602	267.14004516602	267.14004516602	267.14004516602	267.14004516602	267.14004516602	267.14004516602	267.14004516602
712	267.18005371094	267.18005371094	267.18005371094	267.18005371094	267.18005371094	267.18005371094	267.18005371094	267.18005371094	267.18005371094
713	267.22103881836	267.22103881836	267.22103881836	267.22103881836	267.22103881836	267.22103881836	267.22103881836	267.22103881836	267.22103881836
714	267.26104736328	267.26104736328	267.26104736328	267.26104736328	267.26104736328	267.26104736328	267.26104736328	267.26104736328	267.26104736328
715	267.30206298828	267.30206298828	267.30206298828	267.30206298828	267.30206298828	267.30206298828	267.30206298828	267.30206298828	267.30206298828
716	267.34304809570	267.34304809570	267.34304809570	267.34304809570	267.34304809570	267.34304809570	267.34304809570	267.34304809570	267.34304809570
717	267.38305664063	267.38305664063	267.38305664063	267.38305664063	267.38305664063	267.38305664063	267.38305664063	267.38305664063	267.38305664063
718	267.42404174805	267.42404174805	267.42404174805	267.42404174805	267.42404174805	267.42404174805	267.42404174805	267.42404174805	267.42404174805
719	267.46505737305	267.46505737305	267.46505737305	267.46505737305	267.46505737305	267.46505737305	267.46505737305	267.46505737305	267.46505737305
720	267.50604248047	267.50604248047	267.50604248047	267.50604248047	267.50604248047	267.50604248047	267.50604248047	267.50604248047	267.50604248047
721	267.54605102539	267.54605102539	267.54605102539	267.54605102539	267.54605102539	267.54605102539	267.54605102539	267.54605102539	267.54605102539
722	267.58703613281	267.58703613281	267.58703613281	267.58703613281	267.58703613281	267.58703613281	267.58703613281	267.58703613281	267.58703613281
723	267.62805175781	267.62805175781	267.62805175781	267.62805175781	267.62805175781	267.62805175781	267.62805175781	267.62805175781	267.62805175781
724	267.66806030273	267.66806030273	267.66806030273	267.66806030273	267.66806030273	267.66806030273	267.66806030273	267.66806030273	267.66806030273
725	267.70803833008	267.70803833008	267.70803833008	267.70803833008	267.70803833008	267.70803833008	267.70803833008	267.70803833008	267.70803833008
726	267.74905395508	267.74905395508	267.74905395508	267.74905395508	267.74905395508	267.74905395508	267.74905395508	267.74905395508	267.74905395508
727	267.78906250000	267.78906250000	267.78906250000	267.78906250000	267.78906250000	267.78906250000	267.78906250000	267.78906250000	267.78906250000
728	267.82904052734	267.82904052734	267.82904052734	267.82904052734	267.82904052734	267.82904052734	267.82904052734	267.82904052734	267.82904052734
729	267.86904907227	267.86904907227	267.86904907227	267.86904907227	267.86904907227	267.86904907227	267.86904907227	267.86904907227	267.86904907227
730	267.90805053711	267.90805053711	267.90805053711	267.90805053711	267.90805053711	267.90805053711	267.90805053711	267.90805053711	267.90805053711
731	267.94805908203	267.94805908203	267.94805908203	267.94805908203	267.94805908203	267.94805908203	267.94805908203	267.94805908203	267.94805908203
732	267.98706054688	267.98706054688	267.98706054688	267.98706054688	267.98706054688	267.98706054688	267.98706054688	267.98706054688	267.98706054688
733	268.02703857422	268.02703857422	268.02703857422	268.02703857422	268.02703857422	268.02703857422	268.02703857422	268.02703857422	268.02703857422
734	268.06604003906	268.06604003906	268.06604003906	268.06604003906	268.06604003906	268.06604003906	268.06604003906	268.06604003906	268.06604003906
735	268.10504150391	268.10504150391	268.10504150391	268.10504150391	268.10504150391	268.10504150391	268.10504150391	268.10504150391	268.10504150391
736	268.14404296875	268.14404296875	268.14404296875	268.14404296875	268.14404296875	268.14404296875	268.14404296875	268.14404296875	268.14404296875
737	268.18203735352	268.18203735352	268.18203735352	268.18203735352	268.18203735352	268.18203735352	268.18203735352	268.18203735352	268.18203735352
738	268.22103881836	268.22103881836	268.22103881836	268.22103881836	268.22103881836	268.22103881836	268.22103881836	268.22103881836	268.22103881836
739	268.26004028320	268.26004028320	268.26004028320	268.26004028320	268.26004028320	268.26004028320	268.26004028320	268.26004028320	268.26004028320
740	268.29803466797	268.29803466797	268.29803466797	268.29803466797	268.29803466797	268.29803466797	268.29803466797	268.29803466797	268.29803466797
741	268.33703613281	268.33703613281	268.33703613281	268.33703613281	268.33703613281	268.33703613281	268.33703613281	268.33703613281	268.33703613281
742	268.37506103516	268.37506103516	268.37506103516	268.37506103516	268.37506103516	268.37506103516	268.37506103516	268.37506103516	268.37506103516
743	268.41305541992	268.41305541992	268.41305541992	268.41305541992	268.41305541992	268.41305541992	268.41305541992	268.41305541992	268.41305541992
744	268.45104980469	268.45104980469	268.45104980469	268.45104980469	268.45104980469	268.45104980469	268.45104980469	268.45104980469	268.45104980469
745	268.48904418945	268.48904418945	268.48904418945	268.48904418945	268.48904418945	268.48904418945	268.48904418945	268.48904418945	268.48904418945
746	268.52703857422	268.52703857422	268.52703857422	268.52703857422	268.52703857422	268.52703857422	268.52703857422	268.52703857422	268.52703857422
747	268.56506347656	268.56506347656	268.56506347656	268.56506347656	268.56506347656	268.56506347656	268.56506347656	268.56506347656	268.56506347656
748	268.60305786133	268.60305786133	268.60305786133	268.60305786133	268.60305786133	268.60305786133	268.60305786133	268.60305786133	268.60305786133
749	268.64004516602	268.64004516602	268.64004516602	268.64004516602	268.64004516602	268.64004516602	268.64004516602	268.64004516602	268.64004516602
750	268.67803955078	268.67803955078	268.67803955078	268.67803955078	268.67803955078	268.67803955078	268.67803955078	268.67803955078	268.67803955078
751	268.71505737305	268.71505737305	268.71505737305	268.71505737305	268.71505737305	268.71505737305	268.71505737305	268.71505737305	268.71505737305
752	268.75305175781	268.75305175781	268.75305175781	268.75305175781	268.75305175781	268.75305175781	268.75305175781	268.75305175781	268.75305175781
753	268.79003906250	268.79003906250	268.79003906250	268.79003906250	268.79003906250	268.79003906250	268.79003906250	268.79003906250	268.79003906250
754	268.82806396484	268.82806396484	268.82806396484	268.82806396484	268.82806396484	268.82806396484	268.82806396484	268.82806396484	268.82806396484
755	268.86505126953	268.86505126953	268.86505126953	268.86505126953	268.86505126953	268.86505126953	268.86505126953	268.86505126953	268.86505126953
756	268.90203857422	268.90203857422	268.90203857422	268.90203857422	268.90203857422	268.90203857422	268.90203857422	268.90203857422	268.90203857422
757	268.93905639648	268.93905639648	268.93905639648	268.93905639648	268.93905639648	268.93905639648	268.93905639648	268.93905639648	268.93905639648
758	268.97604370117	268.97604370117	268.97604370117	268.97604370117	268.97604370117	268.97604370117	268.97604370117	268.97604370117	268.97604370117
759	269.01306152344	269.01306152344	269.01306152344	269.01306152344	269.01306152344	269.01306152344	269.01306152344	269.01306152344	269.01306152344
760	269.05004882813	269.05004882813	269.05004882813	269.05004882813	269.05004882813	269.05004882813	269.05004882813	269.05004882813	269.05004882813
761	269.08703613281	269.08703613281	269.08703613281	269.08703613281	269.08703613281	269.08703613281	269.08703613281	269.08703613281	269.08703613281
762	269.12405395508	269.12405395508	269.12405395508	269.12405395508	269.12405395508	269.12405395508	269.12405395508	269.12405395508	269.12405395508
763	269.16104125977	269.16104125977	269.16104125977	269.16104125977	269.16104125977	269.16104125977	269.16104125977	269.16104125977	269.16104125977
764	269.19805908203	269.19805908203	269.19805908203	269.19805908203	269.19805908203	269.19805908203	269.19805908203	269.19805908203	269.19805908203
765	269.23504638672	269.23504638672	269.23504638672	269.23504638672	269.23504638672	269.23504638672	269.23504638672	269.23504638672	269.23504638672
766	269.27206420898	269.27206420898	269.27206420898	269.27206420898	269.27206420898	269.27206420898	269.27206420898	269.27206420898	269.27206420898
767	269.30804443359	269.30804443359	269.30804443359	269.30804443359	269.30804443359	269.30804443359	269.30804443359	269.30804443359	269.30804443359
768	269.34506225586	269.34506225586	269.34506225586	269.34506225586	269.34506225586	269.34506225586	269.34506225586	269.34506225586	269.34506225586
769	269.38204956055	269.38204956055	269.38204956055	269.38204956055	269.38204956055	269.38204956055	269.38204956055	269.38204956055	269.38204956055
770	269.41806030273	269.41806030273	269.41806030273	269.41806030273	269.41806030273	269.41806030273	269.41806030273	269.41806030273	269.41806030273
771	269.45504760742	269.45504760742	269.45504760742	269.45504760742	269.45504760742	269.45504760742	269.45504760742	269.45504760742	269.45504760742
772	269.49203491211	269.49203491211	269.49203491211	269.49203491211	269.49203491211	269.49203491211	269.49203491211	269.49203491211	269.49203491211
773	269.52804565430	269.52804565430	269.52804565430	269.52804565430	269.52804565430	269.52804565430	269.52804565430	269.52804565430	269.52804565430
774	269.56506347656	269.56506347656	269.56506347656	269.56506347656	269.56506347656	269.56506347656	269.56506347656	269.56506347656	269.56506347656
775	269.60205078125	269.60205078125	269.60205078125	269.60205078125	269.60205078125	269.60205078125	269.60205078125	269.60205078125	269.60205078125
776	269.63903808594	269.63903808594	269.63903808594	269.63903808594	269.63903808594	269.63903808594	269.63903808594	269.63903808594	269.63903808594
777	269.67605590820	269.67605590820	269.67605590820	269.67605590820	269.67605590820	269.67605590820	269.67605590820	269.67605590820	269.67605590820
778	269.71304321289	269.71304321289	269.71304321289	269.71304321289	269.71304321289	269.71304321289	269.71304321289	269.71304321289	269.71304321289
779	269.75006103516	269.75006103516	269.75006103516	269.75006103516	269.75006103516	269.75006103516	269.75006103516	269.75006103516	269.75006103516
780	269.78704833984	269.78704833984	269.78704833984	269.78704833984	269.78704833984	269.78704833984	269.78704833984	269.78704833984	269.78704833984
781	269.82403564453	269.82403564453	269.82403564453	269.82403564453	269.82403564453	269.82403564453	269.82403564453	269.82403564453	269.82403564453
782	269.86206054688	269.86206054688	269.86206054688	269.86206054688	269.86206054688	269.86206054688	269.86206054688	269.86206054688	269.86206054688
783	269.89904785156	269.89904785156	269.89904785156	269.89904785156	269.89904785156	269.89904785156	269.89904785156	269.89904785156	269.89904785156
784	269.93704223633	269.93704223633	269.93704223633	269.93704223633	269.93704223633	269.93704223633	269.93704223633	269.93704223633	269.93704223633
785	269.97503662109	269.97503662109	269.97503662109	269.97503662109	269.97503662109	269.97503662109	269.97503662109	269.97503662109	269.97503662109
786	270.01306152344	270.01306152344	270.01306152344	270.01306152344	270.01306152344	270.01306152344	270.01306152344	270.01306152344	270.01306152344
787	270.05105590820	270.05105590820	270.05105590820	270.05105590820	270.05105590820	270.05105590820	270.05105590820	270.05105590820	270.05105590820
788	270.09005737305	270.09005737305	270.09005737305	270.09005737305	270.09005737305	270.09005737305	270.09005737305	270.09005737305	270.09005737305
789	270.12905883789	270.12905883789	270.12905883789	270.12905883789	270.12905883789	270.12905883789	270.12905883789	270.12905883789	270.12905883789
790	270.16806030273	270.16806030273	270.16806030273	270.16806030273	270.16806030273	270.16806030273	270.16806030273	270.16806030273	270.16806030273
791	270.20706176758	270.20706176758	270.20706176758	270.20706176758	270.20706176758	270.20706176758	270.20706176758	270.20706176758	270.20706176758
792	270.24703979492	270.24703979492	270.24703979492	270.24703979492	270.24703979492	270.24703979492	270.24703979492	270.24703979492	270.24703979492
793	270.28704833984	270.28704833984	270.28704833984	270.28704833984	270.28704833984	270.28704833984	270.28704833984	270.28704833984	270.28704833984
794	270.32705688477	270.32705688477	270.32705688477	270.32705688477	270.32705688477	270.32705688477	270.32705688477	270.32705688477	270.32705688477
795	270.36804199219	270.36804199219	270.36804199219	270.36804199219	270.36804199219	270.36804199219	270.36804199219	270.36804199219	270.36804199219
796	270.40905761719	270.40905761719	270.40905761719	270.40905761719	270.40905761719	270.40905761719	270.40905761719	270.40905761719	270.40905761719
797	270.45004272461	270.45004272461	270.45004272461	270.45004272461	270.45004272461	270.45004272461	270.45004272461	270.45004272461	270.45004272461
798	270.49105834961	270.49105834961	270.49105834961	270.49105834961	270.49105834961	270.49105834961	270.49105834961	270.49105834961	270.49105834961
799	270.53305053711	270.53305053711	270.53305053711	270.53305053711	270.53305053711	270.53305053711	270.53305053711	270.53305053711	270.53305053711
800	270.57504272461	270.57504272461	270.57504272461	270.57504272461	270.57504272461	270.57504272461	270.57504272461	270.57504272461	270.57504272461
801	270.61703491211	270.61703491211	270.61703491211	270.61703491211	270.61703491211	270.61703491211	270.61703491211	270.61703491211	270.61703491211
802	270.65905761719	270.65905761719	270.65905761719	270.65905761719	270.65905761719	270.65905761719	270.65905761719	270.65905761719	270.65905761719
803	270.70205688477	270.70205688477	270.70205688477	270.70205688477	270.70205688477	270.70205688477	270.70205688477	270.70205688477	270.70205688477
804	270.74505615234	270.74505615234	270.74505615234	270.74505615234	270.74505615234	270.74505615234	270.74505615234	270.74505615234	270.74505615234
805	270.78704833984	270.78704833984	270.78704833984	270.78704833984	270.78704833984	270.78704833984	270.78704833984	270.78704833984	270.78704833984
806	270.83004760742	270.83004760742	270.83004760742	270.83004760742	270.83004760742	270.83004760742	270.83004760742	270.83004760742	270.83004760742
807	270.87304687500	270.87304687500	270.87304687500	270.87304687500	270.87304687500	270.87304687500	270.87304687500	270.87304687500	270.87304687500
808	270.91604614258	270.91604614258	270.91604614258	270.91604614258	270.91604614258	270.91604614258	270.91604614258	270.91604614258	270.91604614258
809	270.95904541016	270.95904541016	270.95904541016	270.95904541016	270.95904541016	270.95904541016	270.95904541016	270.95904541016	270.95904541016
810	271.00204467773	271.00204467773	271.00204467773	271.00204467773	271.00204467773	271.00204467773	271.00204467773	271.00204467773	271.00204467773
811	271.04504394531	271.04504394531	271.04504394531	271.04504394531	271.04504394531	271.04504394531	271.04504394531	271.04504394531	271.04504394531
812	271.08804321289	271.08804321289	271.08804321289	271.08804321289	271.08804321289	271.08804321289	271.08804321289	271.08804321289	271.08804321289
813	271.13003540039	271.13003540039	271.13003540039	271.13003540039	271.13003540039	271.13003540039	271.13003540039	271.13003540039	271.13003540039
814	271.17303466797	271.17303466797	271.17303466797	271.17303466797	271.17303466797	271.17303466797	271.17303466797	271.17303466797	271.17303466797
815	271.21606445313	271.21606445313	271.21606445313	271.21606445313	271.21606445313	271.21606445313	271.21606445313	271.21606445313	271.21606445313
816	271.25805664063	271.25805664063	271.25805664063	271.25805664063	271.25805664063	271.25805664063	271.25805664063	271.25805664063	271.25805664063
817	271.30105590820	271.30105590820	271.30105590820	271.30105590820	271.30105590820	271.30105590820	271.30105590820	271.30105590820	271.30105590820
818	271.34304809570	271.34304809570	271.34304809570	271.34304809570	271.34304809570	271.34304809570	271.34304809570	271.34304809570	271.34304809570
819	271.38504028320	271.38504028320	271.38504028320	271.38504028320	271.38504028320	271.38504028320	271.38504028320	271.38504028320	271.38504028320
820	271.42706298828	271.42706298828	271.42706298828	271.42706298828	271.42706298828	271.42706298828	271.42706298828	271.42706298828	271.42706298828
821	271.46905517578	271.46905517578	271.46905517578	271.46905517578	271.46905517578	271.46905517578	271.46905517578	271.46905517578	271.46905517578
822	271.51104736328	271.51104736328	271.51104736328	271.51104736328	271.51104736328	271.51104736328	271.51104736328	271.51104736328	271.51104736328
823	271.55303955078	271.55303955078	271.55303955078	271.55303955078	271.55303955078	271.55303955078	271.55303955078	271.55303955078	271.55303955078
824	271.59506225586	271.59506225586	271.59506225586	271.59506225586	271.59506225586	271.59506225586	271.59506225586	271.59506225586	271.59506225586
825	271.63705444336	271.63705444336	271.63705444336	271.63705444336	271.63705444336	271.63705444336	271.63705444336	271.63705444336	271.63705444336
826	271.67904663086	271.67904663086	271.67904663086	271.67904663086	271.67904663086	271.67904663086	271.67904663086	271.67904663086	271.67904663086
827	271.72103881836	271.72103881836	271.72103881836	271.72103881836	271.72103881836	271.72103881836	271.72103881836	271.72103881836	271.72103881836
828	271.76205444336	271.76205444336	271.76205444336	271.76205444336	271.76205444336	271.76205444336	271.76205444336	271.76205444336	271.76205444336
829	271.80303955078	271.80303955078	271.80303955078	271.80303955078	271.80303955078	271.80303955078	271.80303955078	271.80303955078	271.80303955078
830	271.84506225586	271.84506225586	271.84506225586	271.84506225586	271.84506225586	271.84506225586	271.84506225586	271.84506225586	271.84506225586
831	271.88604736328	271.88604736328	271.88604736328	271.88604736328	271.88604736328	271.88604736328	271.88604736328	271.88604736328	271.88604736328
832	271.92605590820	271.92605590820	271.92605590820	271.92605590820	271.92605590820	271.92605590820	271.92605590820	271.92605590820	271.92605590820
833	271.96704101563	271.96704101563	271.96704101563	271.96704101563	271.96704101563	271.96704101563	271.96704101563	271.96704101563	271.96704101563
834	272.00704956055	272.00704956055	272.00704956055	272.00704956055	272.00704956055	272.00704956055	272.00704956055	272.00704956055	272.00704956055
835	272.04705810547	272.04705810547	272.04705810547	272.04705810547	272.04705810547	272.04705810547	272.04705810547	272.04705810547	272.04705810547
836	272.08703613281	272.08703613281	272.08703613281	272.08703613281	272.08703613281	272.08703613281	272.08703613281	272.08703613281	272.08703613281
837	272.12704467773	272.12704467773	272.12704467773	272.12704467773	272.12704467773	272.12704467773	272.12704467773	272.12704467773	272.12704467773
838	272.16604614258	272.16604614258	272.16604614258	272.16604614258	272.16604614258	272.16604614258	272.16604614258	272.16604614258	272.16604614258
839	272.20605468750	272.20605468750	272.20605468750	272.20605468750	272.20605468750	272.20605468750	272.20605468750	272.20605468750	272.20605468750
840	272.24505615234	272.24505615234	272.24505615234	272.24505615234	272.24505615234	272.24505615234	272.24505615234	272.24505615234	272.24505615234
841	272.28305053711	272.28305053711	272.28305053711	272.28305053711	272.28305053711	272.28305053711	272.28305053711	272.28305053711	272.28305053711
842	272.32104492188	272.32104492188	272.32104492188	272.32104492188	272.32104492188	272.32104492188	272.32104492188	272.32104492188	272.32104492188
843	272.36004638672	272.36004638672	272.36004638672	272.36004638672	272.36004638672	272.36004638672	272.36004638672	272.36004638672	272.36004638672
844	272.39706420898	272.39706420898	272.39706420898	272.39706420898	272.39706420898	272.39706420898	272.39706420898	272.39706420898	272.39706420898
845	272.43505859375	272.43505859375	272.43505859375	272.43505859375	272.43505859375	272.43505859375	272.43505859375	272.43505859375	272.43505859375
846	272.47204589844	272.47204589844	272.47204589844	272.47204589844	272.47204589844	272.47204589844	272.47204589844	272.47204589844	272.47204589844
847	272.50906372070	272.50906372070	272.50906372070	272.50906372070	272.50906372070	272.50906372070	272.50906372070	272.50906372070	272.50906372070
848	272.54504394531	272.54504394531	272.54504394531	272.54504394531	272.54504394531	272.54504394531	272.54504394531	272.54504394531	272.54504394531
849	272.58105468750	272.58105468750	272.58105468750	272.58105468750	272.58105468750	272.58105468750	272.58105468750	272.58105468750	272.58105468750
850	272.61703491211	272.61703491211	272.61703491211	272.61703491211	272.61703491211	272.61703491211	272.61703491211	272.61703491211	272.61703491211
851	272.65203857422	272.65203857422	272.65203857422	272.65203857422	272.65203857422	272.65203857422	272.65203857422	272.65203857422	272.65203857422
852	272.68704223633	272.68704223633	272.68704223633	272.68704223633	272.68704223633	272.68704223633	272.68704223633	272.68704223633	272.68704223633
853	272.72103881836	272.72103881836	272.72103881836	272.72103881836	272.72103881836	272.72103881836	272.72103881836	272.72103881836	272.72103881836
854	272.75503540039	272.75503540039	272.75503540039	272.75503540039	272.75503540039	272.75503540039	272.75503540039	272.75503540039	272.75503540039
855	272.78906250000	272.78906250000	272.78906250000	272.78906250000	272.78906250000	272.78906250000	272.78906250000	272.78906250000	272.78906250000
856	272.82205200195	272.82205200195	272.82205200195	272.82205200195	272.82205200195	272.82205200195	272.82205200195	272.82205200195	272.82205200195
857	272.85504150391	272.85504150391	272.85504150391	272.85504150391	272.85504150391	272.85504150391	272.85504150391	272.85504150391	272.85504150391
858	272.88705444336	272.88705444336	272.88705444336	272.88705444336	272.88705444336	272.88705444336	272.88705444336	272.88705444336	272.88705444336
859	272.91903686523	272.91903686523	272.91903686523	272.91903686523	272.91903686523	272.91903686523	272.91903686523	272.91903686523	272.91903686523
860	272.95004272461	272.95004272461	272.95004272461	272.95004272461	272.95004272461	272.95004272461	272.95004272461	272.95004272461	272.95004272461
861	272.98104858398	272.98104858398	272.98104858398	272.98104858398	272.98104858398	272.98104858398	272.98104858398	272.98104858398	272.98104858398
862	273.01104736328	273.01104736328	273.01104736328	273.01104736328	273.01104736328	273.01104736328	273.01104736328	273.01104736328	273.01104736328
863	273.04104614258	273.04104614258	273.04104614258	273.04104614258	273.04104614258	273.04104614258	273.04104614258	273.04104614258	273.04104614258
864	273.07003784180	273.07003784180	273.07003784180	273.07003784180	273.07003784180	273.07003784180	273.07003784180	273.07003784180	273.07003784180
865	273.09906005859	273.09906005859	273.09906005859	273.09906005859	273.09906005859	273.09906005859	273.09906005859	273.09906005859	273.09906005859
866	273.12704467773	273.12704467773	273.12704467773	273.12704467773	273.12704467773	273.12704467773	273.12704467773	273.12704467773	273.12704467773
867	273.15505981445	273.15505981445	273.15505981445	273.15505981445	273.15505981445	273.15505981445	273.15505981445	273.15505981445	273.15505981445
868	273.18203735352	273.18203735352	273.18203735352	273.18203735352	273.18203735352	273.18203735352	273.18203735352	273.18203735352	273.18203735352
869	273.20904541016	273.20904541016	273.20904541016	273.20904541016	273.20904541016	273.20904541016	273.20904541016	273.20904541016	273.20904541016
870	273.23504638672	273.23504638672	273.23504638672	273.23504638672	273.23504638672	273.23504638672	273.23504638672	273.23504638672	273.23504638672
871	273.26004028320	273.26004028320	273.26004028320	273.26004028320	273.26004028320	273.26004028320	273.26004028320	273.26004028320	273.26004028320
872	273.28506469727	273.28506469727	273.28506469727	273.28506469727	273.28506469727	273.28506469727	273.28506469727	273.28506469727	273.28506469727
873	273.31005859375	273.31005859375	273.31005859375	273.31005859375	273.31005859375	273.31005859375	273.31005859375	273.31005859375	273.31005859375
874	273.33404541016	273.33404541016	273.33404541016	273.33404541016	273.33404541016	273.33404541016	273.33404541016	273.33404541016	273.33404541016
875	273.35705566406	273.35705566406	273.35705566406	273.35705566406	273.35705566406	273.35705566406	273.35705566406	273.35705566406	273.35705566406
876	273.38003540039	273.38003540039	273.38003540039	273.38003540039	273.38003540039	273.38003540039	273.38003540039	273.38003540039	273.38003540039
877	273.40203857422	273.40203857422	273.40203857422	273.40203857422	273.40203857422	273.40203857422	273.40203857422	273.40203857422	273.40203857422
878	273.42404174805	273.42404174805	273.42404174805	273.42404174805	273.42404174805	273.42404174805	273.42404174805	273.42404174805	273.42404174805
879	273.44604492188	273.44604492188	273.44604492188	273.44604492188	273.44604492188	273.44604492188	273.44604492188	273.44604492188	273.44604492188
880	273.46606445313	273.46606445313	273.46606445313	273.46606445313	273.46606445313	273.46606445313	273.46606445313	273.46606445313	273.46606445313
881	273.48706054688	273.48706054688	273.48706054688	273.48706054688	273.48706054688	273.48706054688	273.48706054688	273.48706054688	273.48706054688
882	273.50704956055	273.50704956055	273.50704956055	273.50704956055	273.50704956055	273.50704956055	273.50704956055	273.50704956055	273.50704956055
883	273.52606201172	273.52606201172	273.52606201172	273.52606201172	273.52606201172	273.52606201172	273.52606201172	273.52606201172	273.52606201172
884	273.54504394531	273.54504394531	273.54504394531	273.54504394531	273.54504394531	273.54504394531	273.54504394531	273.54504394531	273.54504394531
885	273.56304931641	273.56304931641	273.56304931641	273.56304931641	273.56304931641	273.56304931641	273.56304931641	273.56304931641	273.56304931641
886	273.58105468750	273.58105468750	273.58105468750	273.58105468750	273.58105468750	273.58105468750	273.58105468750	273.58105468750	273.58105468750
887	273.59805297852	273.59805297852	273.59805297852	273.59805297852	273.59805297852	273.59805297852	273.59805297852	273.59805297852	273.59805297852
888	273.61505126953	273.61505126953	273.61505126953	273.61505126953	273.61505126953	273.61505126953	273.61505126953	273.61505126953	273.61505126953
889	273.63204956055	273.63204956055	273.63204956055	273.63204956055	273.63204956055	273.63204956055	273.63204956055	273.63204956055	273.63204956055
890	273.64804077148	273.64804077148	273.64804077148	273.64804077148	273.64804077148	273.64804077148	273.64804077148	273.64804077148	273.64804077148
891	273.66406250000	273.66406250000	273.66406250000	273.66406250000	273.66406250000	273.66406250000	273.66406250000	273.66406250000	273.66406250000
892	273.67904663086	273.67904663086	273.67904663086	273.67904663086	273.67904663086	273.67904663086	273.67904663086	273.67904663086	273.67904663086
893	273.69305419922	273.69305419922	273.69305419922	273.69305419922	273.69305419922	273.69305419922	273.69305419922	273.69305419922	273.69305419922
894	273.70803833008	273.70803833008	273.70803833008	273.70803833008	273.70803833008	273.70803833008	273.70803833008	273.70803833008	273.70803833008
895	273.72204589844	273.72204589844	273.72204589844	273.72204589844	273.72204589844	273.72204589844	273.72204589844	273.72204589844	273.72204589844
896	273.73504638672	273.73504638672	273.73504638672	273.73504638672	273.73504638672	273.73504638672	273.73504638672	273.73504638672	273.73504638672
897	273.74804687500	273.74804687500	273.74804687500	273.74804687500	273.74804687500	273.74804687500	273.74804687500	273.74804687500	273.74804687500
898	273.76104736328	273.76104736328	273.76104736328	273.76104736328	273.76104736328	273.76104736328	273.76104736328	273.76104736328	273.76104736328
899	273.77304077148	273.77304077148	273.77304077148	273.77304077148	273.77304077148	273.77304077148	273.77304077148	273.77304077148	273.77304077148
900	273.78506469727	273.78506469727	273.78506469727	273.78506469727	273.78506469727	273.78506469727	273.78506469727	273.78506469727	273.78506469727
901	273.79705810547	273.79705810547	273.79705810547	273.79705810547	273.79705810547	273.79705810547	273.79705810547	273.79705810547	273.79705810547
902	273.80804443359	273.80804443359	273.80804443359	273.80804443359	273.80804443359	273.80804443359	273.80804443359	273.80804443359	273.80804443359
903	273.81906127930	273.81906127930	273.81906127930	273.81906127930	273.81906127930	273.81906127930	273.81906127930	273.81906127930	273.81906127930
904	273.82904052734	273.82904052734	273.82904052734	273.82904052734	273.82904052734	273.82904052734	273.82904052734	273.82904052734	273.82904052734
905	273.83905029297	273.83905029297	273.83905029297	273.83905029297	273.83905029297	273.83905029297	273.83905029297	273.83905029297	273.83905029297
906	273.84906005859	273.84906005859	273.84906005859	273.84906005859	273.84906005859	273.84906005859	273.84906005859	273.84906005859	273.84906005859
907	273.85806274414	273.85806274414	273.85806274414	273.85806274414	273.85806274414	273.85806274414	273.85806274414	273.85806274414	273.85806274414
908	273.86703491211	273.86703491211	273.86703491211	273.86703491211	273.86703491211	273.86703491211	273.86703491211	273.86703491211	273.86703491211
909	273.87603759766	273.87603759766	273.87603759766	273.87603759766	273.87603759766	273.87603759766	273.87603759766	273.87603759766	273.87603759766
910	273.88406372070	273.88406372070	273.88406372070	273.88406372070	273.88406372070	273.88406372070	273.88406372070	273.88406372070	273.88406372070
911	273.89303588867	273.89303588867	273.89303588867	273.89303588867	273.89303588867	273.89303588867	273.89303588867	273.89303588867	273.89303588867
912	273.90005493164	273.90005493164	273.90005493164	273.90005493164	273.90005493164	273.90005493164	273.90005493164	273.90005493164	273.90005493164
913	273.90805053711	273.90805053711	273.90805053711	273.90805053711	273.90805053711	273.90805053711	273.90805053711	273.90805053711	273.90805053711
914	273.91503906250	273.91503906250	273.91503906250	273.91503906250	273.91503906250	273.91503906250	273.91503906250	273.91503906250	273.91503906250
915	273.92205810547	273.92205810547	273.92205810547	273.92205810547	273.92205810547	273.92205810547	273.92205810547	273.92205810547	273.92205810547
916	273.92803955078	273.92803955078	273.92803955078	273.92803955078	273.92803955078	273.92803955078	273.92803955078	273.92803955078	273.92803955078
917	273.93405151367	273.93405151367	273.93405151367	273.93405151367	273.93405151367	273.93405151367	273.93405151367	273.93405151367	273.93405151367
918	273.94006347656	273.94006347656	273.94006347656	273.94006347656	273.94006347656	273.94006347656	273.94006347656	273.94006347656	273.94006347656
919	273.94604492188	273.94604492188	273.94604492188	273.94604492188	273.94604492188	273.94604492188	273.94604492188	273.94604492188	273.94604492188
920	273.95205688477	273.95205688477	273.95205688477	273.95205688477	273.95205688477	273.95205688477	273.95205688477	273.95205688477	273.95205688477
921	273.95706176758	273.95706176758	273.95706176758	273.95706176758	273.95706176758	273.95706176758	273.95706176758	273.95706176758	273.95706176758
922	273.96203613281	273.96203613281	273.96203613281	273.96203613281	273.96203613281	273.96203613281	273.96203613281	273.96203613281	273.96203613281
923	273.96606445313	273.96606445313	273.96606445313	273.96606445313	273.96606445313	273.96606445313	273.96606445313	273.96606445313	273.96606445313
924	273.97103881836	273.97103881836	273.97103881836	273.97103881836	273.97103881836	273.97103881836	273.97103881836	273.97103881836	273.97103881836
925	273.97503662109	273.97503662109	273.97503662109	273.97503662109	273.97503662109	273.97503662109	273.97503662109	273.97503662109	273.97503662109
926	273.97906494141	273.97906494141	273.97906494141	273.97906494141	273.97906494141	273.97906494141	273.97906494141	273.97906494141	273.97906494141
927	273.98205566406	273.98205566406	273.98205566406	273.98205566406	273.98205566406	273.98205566406	273.98205566406	273.98205566406	273.98205566406
928	273.98605346680	273.98605346680	273.98605346680	273.98605346680	273.98605346680	273.98605346680	273.98605346680	273.98605346680	273.98605346680
929	273.98904418945	273.98904418945	273.98904418945	273.98904418945	273.98904418945	273.98904418945	273.98904418945	273.98904418945	273.98904418945
930	273.99203491211	273.99203491211	273.99203491211	273.99203491211	273.99203491211	273.99203491211	273.99203491211	273.99203491211	273.99203491211
931	273.99505615234	273.99505615234	273.99505615234	273.99505615234	273.99505615234	273.99505615234	273.99505615234	273.99505615234	273.99505615234
932	273.99703979492	273.99703979492	273.99703979492	273.99703979492	273.99703979492	273.99703979492	273.99703979492	273.99703979492	273.99703979492
933	273.99905395508	273.99905395508	273.99905395508	273.99905395508	273.99905395508	273.99905395508	273.99905395508	273.99905395508	273.99905395508
934	274.00103759766	274.00103759766	274.00103759766	274.00103759766	274.00103759766	274.00103759766	274.00103759766	274.00103759766	274.00103759766
935	274.00305175781	274.00305175781	274.00305175781	274.00305175781	274.00305175781	274.00305175781	274.00305175781	274.00305175781	274.00305175781
936	274.00503540039	274.00503540039	274.00503540039	274.00503540039	274.00503540039	274.00503540039	274.00503540039	274.00503540039	274.00503540039
937	274.00604248047	274.00604248047	274.00604248047	274.00604248047	274.00604248047	274.00604248047	274.00604248047	274.00604248047	274.00604248047
938	274.00805664063	274.00805664063	274.00805664063	274.00805664063	274.00805664063	274.00805664063	274.00805664063	274.00805664063	274.00805664063
939	274.00906372070	274.00906372070	274.00906372070	274.00906372070	274.00906372070	274.00906372070	274.00906372070	274.00906372070	274.00906372070
940	274.00906372070	274.00906372070	274.00906372070	274.00906372070	274.00906372070	274.00906372070	274.00906372070	274.00906372070	274.00906372070
941	274.01004028320	274.01004028320	274.01004028320	274.01004028320	274.01004028320	274.01004028320	274.01004028320	274.01004028320	274.01004028320
942	274.01004028320	274.01004028320	274.01004028320	274.01004028320	274.01004028320	274.01004028320	274.01004028320	274.01004028320	274.01004028320
943	274.01104736328	274.01104736328	274.01104736328	274.01104736328	274.01104736328	274.01104736328	274.01104736328	274.01104736328	274.01104736328
944	274.01004028320	274.01004028320	274.01004028320	274.01004028320	274.01004028320	274.01004028320	274.01004028320	274.01004028320	274.01004028320
945	274.01004028320	274.01004028320	274.01004028320	274.01004028320	274.01004028320	274.01004028320	274.01004028320	274.01004028320	274.01004028320
946	274.01004028320	274.01004028320	274.01004028320	274.01004028320	274.01004028320	274.01004028320	274.01004028320	274.01004028320	274.01004028320
947	274.00906372070	274.00906372070	274.00906372070	274.00906372070	274.00906372070	274.00906372070	274.00906372070	274.00906372070	274.00906372070
948	274.00805664063	274.00805664063	274.00805664063	274.00805664063	274.00805664063	274.00805664063	274.00805664063	274.00805664063	274.00805664063
949	274.00704956055	274.00704956055	274.00704956055	274.00704956055	274.00704956055	274.00704956055	274.00704956055	274.00704956055	274.00704956055
950	274.00503540039	274.00503540039	274.00503540039	274.00503540039	274.00503540039	274.00503540039	274.00503540039	274.00503540039	274.00503540039
951	274.00405883789	274.00405883789	274.00405883789	274.00405883789	274.00405883789	274.00405883789	274.00405883789	274.00405883789	274.00405883789
952	274.00204467773	274.00204467773	274.00204467773	274.00204467773	274.00204467773	274.00204467773	274.00204467773	274.00204467773	274.00204467773
953	274.00006103516	274.00006103516	274.00006103516	274.00006103516	274.00006103516	274.00006103516	274.00006103516	274.00006103516	274.00006103516
954	273.99804687500	273.99804687500	273.99804687500	273.99804687500	273.99804687500	273.99804687500	273.99804687500	273.99804687500	273.99804687500
955	273.99505615234	273.99505615234	273.99505615234	273.99505615234	273.99505615234	273.99505615234	273.99505615234	273.99505615234	273.99505615234
956	273.99203491211	273.99203491211	273.99203491211	273.99203491211	273.99203491211	273.99203491211	273.99203491211	273.99203491211	273.99203491211
957	273.98904418945	273.98904418945	273.98904418945	273.98904418945	273.98904418945	273.98904418945	273.98904418945	273.98904418945	273.98904418945
958	273.98605346680	273.98605346680	273.98605346680	273.98605346680	273.98605346680	273.98605346680	273.98605346680	273.98605346680	273.98605346680
959	273.98306274414	273.98306274414	273.98306274414	273.98306274414	273.98306274414	273.98306274414	273.98306274414	273.98306274414	273.98306274414
960	273.97906494141	273.97906494141	273.97906494141	273.97906494141	273.97906494141	273.97906494141	273.97906494141	273.97906494141	273.97906494141
961	273.97503662109	273.97503662109	273.97503662109	273.97503662109	273.97503662109	273.97503662109	273.97503662109	273.97503662109	273.97503662109
962	273.97103881836	273.97103881836	273.97103881836	273.97103881836	273.97103881836	273.97103881836	273.97103881836	273.97103881836	273.97103881836
963	273.96704101563	273.96704101563	273.96704101563	273.96704101563	273.96704101563	273.96704101563	273.96704101563	273.96704101563	273.96704101563
964	273.96304321289	273.96304321289	273.96304321289	273.96304321289	273.96304321289	273.96304321289	273.96304321289	273.96304321289	273.96304321289
965	273.95803833008	273.95803833008	273.95803833008	273.95803833008	273.95803833008	273.95803833008	273.95803833008	273.95803833008	273.95803833008
966	273.95404052734	273.95404052734	273.95404052734	273.95404052734	273.95404052734	273.95404052734	273.95404052734	273.95404052734	273.95404052734
967	273.94903564453	273.94903564453	273.94903564453	273.94903564453	273.94903564453	273.94903564453	273.94903564453	273.94903564453	273.94903564453
968	273.94406127930	273.94406127930	273.94406127930	273.94406127930	273.94406127930	273.94406127930	273.94406127930	273.94406127930	273.94406127930
969	273.93905639648	273.93905639648	273.93905639648	273.93905639648	273.93905639648	273.93905639648	273.93905639648	273.93905639648	273.93905639648
970	273.93405151367	273.93405151367	273.93405151367	273.93405151367	273.93405151367	273.93405151367	273.93405151367	273.93405151367	273.93405151367
971	273.92803955078	273.92803955078	273.92803955078	273.92803955078	273.92803955078	273.92803955078	273.92803955078	273.92803955078	273.92803955078
972	273.92306518555	273.92306518555	273.92306518555	273.92306518555	273.92306518555	273.92306518555	273.92306518555	273.92306518555	273.92306518555
973	273.91806030273	273.91806030273	273.91806030273	273.91806030273	273.91806030273	273.91806030273	273.91806030273	273.91806030273	273.91806030273
974	273.91204833984	273.91204833984	273.91204833984	273.91204833984	273.91204833984	273.91204833984	273.91204833984	273.91204833984	273.91204833984
975	273.90603637695	273.90603637695	273.90603637695	273.90603637695	273.90603637695	273.90603637695	273.90603637695	273.90603637695	273.90603637695
976	273.90106201172	273.90106201172	273.90106201172	273.90106201172	273.90106201172	273.90106201172	273.90106201172	273.90106201172	273.90106201172
977	273.89505004883	273.89505004883	273.89505004883	273.89505004883	273.89505004883	273.89505004883	273.89505004883	273.89505004883	273.89505004883
978	273.88903808594	273.88903808594	273.88903808594	273.88903808594	273.88903808594	273.88903808594	273.88903808594	273.88903808594	273.88903808594
979	273.88305664063	273.88305664063	273.88305664063	273.88305664063	273.88305664063	273.88305664063	273.88305664063	273.88305664063	273.88305664063
980	273.87704467773	273.87704467773	273.87704467773	273.87704467773	273.87704467773	273.87704467773	273.87704467773	273.87704467773	273.87704467773
981	273.87106323242	273.87106323242	273.87106323242	273.87106323242	273.87106323242	273.87106323242	273.87106323242	273.87106323242	273.87106323242
982	273.86505126953	273.86505126953	273.86505126953	273.86505126953	273.86505126953	273.86505126953	273.86505126953	273.86505126953	273.86505126953
983	273.85903930664	273.85903930664	273.85903930664	273.85903930664	273.85903930664	273.85903930664	273.85903930664	273.85903930664	273.85903930664
984	273.85305786133	273.85305786133	273.85305786133	273.85305786133	273.85305786133	273.85305786133	273.85305786133	273.85305786133	273.85305786133
985	273.84704589844	273.84704589844	273.84704589844	273.84704589844	273.84704589844	273.84704589844	273.84704589844	273.84704589844	273.84704589844
986	273.84005737305	273.84005737305	273.84005737305	273.84005737305	273.84005737305	273.84005737305	273.84005737305	273.84005737305	273.84005737305
987	273.83404541016	273.83404541016	273.83404541016	273.83404541016	273.83404541016	273.83404541016	273.83404541016	273.83404541016	273.83404541016
988	273.82705688477	273.82705688477	273.82705688477	273.82705688477	273.82705688477	273.82705688477	273.82705688477	273.82705688477	273.82705688477
989	273.82104492188	273.82104492188	273.82104492188	273.82104492188	273.82104492188	273.82104492188	273.82104492188	273.82104492188	273.82104492188
990	273.81405639648	273.81405639648	273.81405639648	273.81405639648	273.81405639648	273.81405639648	273.81405639648	273.81405639648	273.81405639648
991	273.80703735352	273.80703735352	273.80703735352	273.80703735352	273.80703735352	273.80703735352	273.80703735352	273.80703735352	273.80703735352
992	273.80004882813	273.80004882813	273.80004882813	273.80004882813	273.80004882813	273.80004882813	273.80004882813	273.80004882813	273.80004882813
993	273.79306030273	273.79306030273	273.79306030273	273.79306030273	273.79306030273	273.79306030273	273.79306030273	273.79306030273	273.79306030273
994	273.78604125977	273.78604125977	273.78604125977	273.78604125977	273.78604125977	273.78604125977	273.78604125977	273.78604125977	273.78604125977
995	273.77905273438	273.77905273438	273.77905273438	273.77905273438	273.77905273438	273.77905273438	273.77905273438	273.77905273438	273.77905273438
996	273.77206420898	273.77206420898	273.77206420898	273.77206420898	273.77206420898	273.77206420898	273.77206420898	273.77206420898	273.77206420898
997	273.76403808594	273.76403808594	273.76403808594	273.76403808594	273.76403808594	273.76403808594	273.76403808594	273.76403808594	273.76403808594
998	273.75604248047	273.75604248047	273.75604248047	273.75604248047	273.75604248047	273.75604248047	273.75604248047	273.75604248047	273.75604248047
999	273.74905395508	273.74905395508	273.74905395508	273.74905395508	273.74905395508	273.74905395508	273.74905395508	273.74905395508	273.74905395508
1000	273.74105834961	273.74105834961	273.74105834961	273.74105834961	273.74105834961	273.74105834961	273.74105834961	273.74105834961	273.74105834961
1001	273.73205566406	273.73205566406	273.73205566406	273.73205566406	273.73205566406	273.73205566406	273.73205566406	273.73205566406	273.73205566406
1002	273.72406005859	273.72406005859	273.72406005859	273.72406005859	273.72406005859	273.72406005859	273.72406005859	273.72406005859	273.72406005859
1003	273.71606445313	273.71606445313	273.71606445313	273.71606445313	273.71606445313	273.71606445313	273.71606445313	273.71606445313	273.71606445313
1004	273.70706176758	273.70706176758	273.70706176758	273.70706176758	273.70706176758	273.70706176758	273.70706176758	273.70706176758	273.70706176758
1005	273.69805908203	273.69805908203	273.69805908203	273.69805908203	273.69805908203	273.69805908203	273.69805908203	273.69805908203	273.69805908203
1006	273.68905639648	273.68905639648	273.68905639648	273.68905639648	273.68905639648	273.68905639648	273.68905639648	273.68905639648	273.68905639648
1007	273.68005371094	273.68005371094	273.68005371094	273.68005371094	273.68005371094	273.68005371094	273.68005371094	273.68005371094	273.68005371094
1008	273.67105102539	273.67105102539	273.67105102539	273.67105102539	273.67105102539	273.67105102539	273.67105102539	273.67105102539	273.67105102539
1009	273.66104125977	273.66104125977	273.66104125977	273.66104125977	273.66104125977	273.66104125977	273.66104125977	273.66104125977	273.66104125977
1010	273.65203857422	273.65203857422	273.65203857422	273.65203857422	273.65203857422	273.65203857422	273.65203857422	273.65203857422	273.65203857422
1011	273.64205932617	273.64205932617	273.64205932617	273.64205932617	273.64205932617	273.64205932617	273.64205932617	273.64205932617	273.64205932617
1012	273.63204956055	273.63204956055	273.63204956055	273.63204956055	273.63204956055	273.63204956055	273.63204956055	273.63204956055	273.63204956055
1013	273.62106323242	273.62106323242	273.62106323242	273.62106323242	273.62106323242	273.62106323242	273.62106323242	273.62106323242	273.62106323242
1014	273.61105346680	273.61105346680	273.61105346680	273.61105346680	273.61105346680	273.61105346680	273.61105346680	273.61105346680	273.61105346680
1015	273.60003662109	273.60003662109	273.60003662109	273.60003662109	273.60003662109	273.60003662109	273.60003662109	273.60003662109	273.60003662109
1016	273.58905029297	273.58905029297	273.58905029297	273.58905029297	273.58905029297	273.58905029297	273.58905029297	273.58905029297	273.58905029297
1017	273.57806396484	273.57806396484	273.57806396484	273.57806396484	273.57806396484	273.57806396484	273.57806396484	273.57806396484	273.57806396484
1018	273.56704711914	273.56704711914	273.56704711914	273.56704711914	273.56704711914	273.56704711914	273.56704711914	273.56704711914	273.56704711914
1019	273.55505371094	273.55505371094	273.55505371094	273.55505371094	273.55505371094	273.55505371094	273.55505371094	273.55505371094	273.55505371094
1020	273.54403686523	273.54403686523	273.54403686523	273.54403686523	273.54403686523	273.54403686523	273.54403686523	273.54403686523	273.54403686523
1021	273.53204345703	273.53204345703	273.53204345703	273.53204345703	273.53204345703	273.53204345703	273.53204345703	273.53204345703	273.53204345703
1022	273.52005004883	273.52005004883	273.52005004883	273.52005004883	273.52005004883	273.52005004883	273.52005004883	273.52005004883	273.52005004883
1023	273.50704956055	273.50704956055	273.50704956055	273.50704956055	273.50704956055	273.50704956055	273.50704956055	273.50704956055	273.50704956055
1024	273.49505615234	273.49505615234	273.49505615234	273.49505615234	273.49505615234	273.49505615234	273.49505615234	273.49505615234	273.49505615234
1025	273.48205566406	273.48205566406	273.48205566406	273.48205566406	273.48205566406	273.48205566406	273.48205566406	273.48205566406	273.48205566406
1026	273.46905517578	273.46905517578	273.46905517578	273.46905517578	273.46905517578	273.46905517578	273.46905517578	273.46905517578	273.46905517578
1027	273.45605468750	273.45605468750	273.45605468750	273.45605468750	273.45605468750	273.45605468750	273.45605468750	273.45605468750	273.45605468750
1028	273.44305419922	273.44305419922	273.44305419922	273.44305419922	273.44305419922	273.44305419922	273.44305419922	273.44305419922	273.44305419922
1029	273.43005371094	273.43005371094	273.43005371094	273.43005371094	273.43005371094	273.43005371094	273.43005371094	273.43005371094	273.43005371094
1030	273.41604614258	273.41604614258	273.41604614258	273.41604614258	273.41604614258	273.41604614258	273.41604614258	273.41604614258	273.41604614258
1031	273.40203857422	273.40203857422	273.40203857422	273.40203857422	273.40203857422	273.40203857422	273.40203857422	273.40203857422	273.40203857422
1032	273.38806152344	273.38806152344	273.38806152344	273.38806152344	273.38806152344	273.38806152344	273.38806152344	273.38806152344	273.38806152344
1033	273.37405395508	273.37405395508	273.37405395508	273.37405395508	273.37405395508	273.37405395508	273.37405395508	273.37405395508	273.37405395508
1034	273.36004638672	273.36004638672	273.36004638672	273.36004638672	273.36004638672	273.36004638672	273.36004638672	273.36004638672	273.36004638672
1035	273.34506225586	273.34506225586	273.34506225586	273.34506225586	273.34506225586	273.34506225586	273.34506225586	273.34506225586	273.34506225586
1036	273.33105468750	273.33105468750	273.33105468750	273.33105468750	273.33105468750	273.33105468750	273.33105468750	273.33105468750	273.33105468750
1037	273.31604003906	273.31604003906	273.31604003906	273.31604003906	273.31604003906	273.31604003906	273.31604003906	273.31604003906	273.31604003906
1038	273.30105590820	273.30105590820	273.30105590820	273.30105590820	273.30105590820	273.30105590820	273.30105590820	273.30105590820	273.30105590820
1039	273.28604125977	273.28604125977	273.28604125977	273.28604125977	273.28604125977	273.28604125977	273.28604125977	273.28604125977	273.28604125977
1040	273.27105712891	273.27105712891	273.27105712891	273.27105712891	273.27105712891	273.27105712891	273.27105712891	273.27105712891	273.27105712891
1041	273.25503540039	273.25503540039	273.25503540039	273.25503540039	273.25503540039	273.25503540039	273.25503540039	273.25503540039	273.25503540039
1042	273.24005126953	273.24005126953	273.24005126953	273.24005126953	273.24005126953	273.24005126953	273.24005126953	273.24005126953	273.24005126953
1043	273.22406005859	273.22406005859	273.22406005859	273.22406005859	273.22406005859	273.22406005859	273.22406005859	273.22406005859	273.22406005859
1044	273.20803833008	273.20803833008	273.20803833008	273.20803833008	273.20803833008	273.20803833008	273.20803833008	273.20803833008	273.20803833008
1045	273.19204711914	273.19204711914	273.19204711914	273.19204711914	273.19204711914	273.19204711914	273.19204711914	273.19204711914	273.19204711914
1046	273.17605590820	273.17605590820	273.17605590820	273.17605590820	273.17605590820	273.17605590820	273.17605590820	273.17605590820	273.17605590820
1047	273.15905761719	273.15905761719	273.15905761719	273.15905761719	273.15905761719	273.15905761719	273.15905761719	273.15905761719	273.15905761719
1048	273.14303588867	273.14303588867	273.14303588867	273.14303588867	273.14303588867	273.14303588867	273.14303588867	273.14303588867	273.14303588867
1049	273.12704467773	273.12704467773	273.12704467773	273.12704467773	273.12704467773	273.12704467773	273.12704467773	273.12704467773	273.12704467773
1050	273.11004638672	273.11004638672	273.11004638672	273.11004638672	273.11004638672	273.11004638672	273.11004638672	273.11004638672	273.11004638672
1051	273.09304809570	273.09304809570	273.09304809570	273.09304809570	273.09304809570	273.09304809570	273.09304809570	273.09304809570	273.09304809570
1052	273.07604980469	273.07604980469	273.07604980469	273.07604980469	273.07604980469	273.07604980469	273.07604980469	273.07604980469	273.07604980469
1053	273.05905151367	273.05905151367	273.05905151367	273.05905151367	273.05905151367	273.05905151367	273.05905151367	273.05905151367	273.05905151367
1054	273.04205322266	273.04205322266	273.04205322266	273.04205322266	273.04205322266	273.04205322266	273.04205322266	273.04205322266	273.04205322266
1055	273.02505493164	273.02505493164	273.02505493164	273.02505493164	273.02505493164	273.02505493164	273.02505493164	273.02505493164	273.02505493164
1056	273.00805664063	273.00805664063	273.00805664063	273.00805664063	273.00805664063	273.00805664063	273.00805664063	273.00805664063	273.00805664063
1057	272.99105834961	272.99105834961	272.99105834961	272.99105834961	272.99105834961	272.99105834961	272.99105834961	272.99105834961	272.99105834961
1058	272.97305297852	272.97305297852	272.97305297852	272.97305297852	272.97305297852	272.97305297852	272.97305297852	272.97305297852	272.97305297852
1059	272.95605468750	272.95605468750	272.95605468750	272.95605468750	272.95605468750	272.95605468750	272.95605468750	272.95605468750	272.95605468750
1060	272.93804931641	272.93804931641	272.93804931641	272.93804931641	272.93804931641	272.93804931641	272.93804931641	272.93804931641	272.93804931641
1061	272.92105102539	272.92105102539	272.92105102539	272.92105102539	272.92105102539	272.92105102539	272.92105102539	272.92105102539	272.92105102539
1062	272.90304565430	272.90304565430	272.90304565430	272.90304565430	272.90304565430	272.90304565430	272.90304565430	272.90304565430	272.90304565430
1063	272.88504028320	272.88504028320	272.88504028320	272.88504028320	272.88504028320	272.88504028320	272.88504028320	272.88504028320	272.88504028320
1064	272.86804199219	272.86804199219	272.86804199219	272.86804199219	272.86804199219	272.86804199219	272.86804199219	272.86804199219	272.86804199219
1065	272.85003662109	272.85003662109	272.85003662109	272.85003662109	272.85003662109	272.85003662109	272.85003662109	272.85003662109	272.85003662109
1066	272.83206176758	272.83206176758	272.83206176758	272.83206176758	272.83206176758	272.83206176758	272.83206176758	272.83206176758	272.83206176758
1067	272.81506347656	272.81506347656	272.81506347656	272.81506347656	272.81506347656	272.81506347656	272.81506347656	272.81506347656	272.81506347656
1068	272.79705810547	272.79705810547	272.79705810547	272.79705810547	272.79705810547	272.79705810547	272.79705810547	272.79705810547	272.79705810547
1069	272.77905273438	272.77905273438	272.77905273438	272.77905273438	272.77905273438	272.77905273438	272.77905273438	272.77905273438	272.77905273438
1070	272.76104736328	272.76104736328	272.76104736328	272.76104736328	272.76104736328	272.76104736328	272.76104736328	272.76104736328	272.76104736328
1071	272.74404907227	272.74404907227	272.74404907227	272.74404907227	272.74404907227	272.74404907227	272.74404907227	272.74404907227	272.74404907227
1072	272.72604370117	272.72604370117	272.72604370117	272.72604370117	272.72604370117	272.72604370117	272.72604370117	272.72604370117	272.72604370117
1073	272.70803833008	272.70803833008	272.70803833008	272.70803833008	272.70803833008	272.70803833008	272.70803833008	272.70803833008	272.70803833008
1074	272.69104003906	272.69104003906	272.69104003906	272.69104003906	272.69104003906	272.69104003906	272.69104003906	272.69104003906	272.69104003906
1075	272.67306518555	272.67306518555	272.67306518555	272.67306518555	272.67306518555	272.67306518555	272.67306518555	272.67306518555	272.67306518555
1076	272.65603637695	272.65603637695	272.65603637695	272.65603637695	272.65603637695	272.65603637695	272.65603637695	272.65603637695	272.65603637695
1077	272.63903808594	272.63903808594	272.63903808594	272.63903808594	272.63903808594	272.63903808594	272.63903808594	272.63903808594	272.63903808594
1078	272.62106323242	272.62106323242	272.62106323242	272.62106323242	272.62106323242	272.62106323242	272.62106323242	272.62106323242	272.62106323242
1079	272.60406494141	272.60406494141	272.60406494141	272.60406494141	272.60406494141	272.60406494141	272.60406494141	272.60406494141	272.60406494141
1080	272.58703613281	272.58703613281	272.58703613281	272.58703613281	272.58703613281	272.58703613281	272.58703613281	272.58703613281	272.58703613281
1081	272.57003784180	272.57003784180	272.57003784180	272.57003784180	272.57003784180	272.57003784180	272.57003784180	272.57003784180	272.57003784180
1082	272.55303955078	272.55303955078	272.55303955078	272.55303955078	272.55303955078	272.55303955078	272.55303955078	272.55303955078	272.55303955078
1083	272.53604125977	272.53604125977	272.53604125977	272.53604125977	272.53604125977	272.53604125977	272.53604125977	272.53604125977	272.53604125977
1084	272.52005004883	272.52005004883	272.52005004883	272.52005004883	272.52005004883	272.52005004883	272.52005004883	272.52005004883	272.52005004883
1085	272.50305175781	272.50305175781	272.50305175781	272.50305175781	272.50305175781	272.50305175781	272.50305175781	272.50305175781	272.50305175781
1086	272.48706054688	272.48706054688	272.48706054688	272.48706054688	272.48706054688	272.48706054688	272.48706054688	272.48706054688	272.48706054688
1087	272.47103881836	272.47103881836	272.47103881836	272.47103881836	272.47103881836	272.47103881836	272.47103881836	272.47103881836	272.47103881836
1088	272.45504760742	272.45504760742	272.45504760742	272.45504760742	272.45504760742	272.45504760742	272.45504760742	272.45504760742	272.45504760742
1089	272.43905639648	272.43905639648	272.43905639648	272.43905639648	272.43905639648	272.43905639648	272.43905639648	272.43905639648	272.43905639648
1090	272.42306518555	272.42306518555	272.42306518555	272.42306518555	272.42306518555	272.42306518555	272.42306518555	272.42306518555	272.42306518555
1091	272.40704345703	272.40704345703	272.40704345703	272.40704345703	272.40704345703	272.40704345703	272.40704345703	272.40704345703	272.40704345703
1092	272.39205932617	272.39205932617	272.39205932617	272.39205932617	272.39205932617	272.39205932617	272.39205932617	272.39205932617	272.39205932617
1093	272.37704467773	272.37704467773	272.37704467773	272.37704467773	272.37704467773	272.37704467773	272.37704467773	272.37704467773	272.37704467773
1094	272.36206054688	272.36206054688	272.36206054688	272.36206054688	272.36206054688	272.36206054688	272.36206054688	272.36206054688	272.36206054688
1095	272.34704589844	272.34704589844	272.34704589844	272.34704589844	272.34704589844	272.34704589844	272.34704589844	272.34704589844	272.34704589844
1096	272.33206176758	272.33206176758	272.33206176758	272.33206176758	272.33206176758	272.33206176758	272.33206176758	272.33206176758	272.33206176758
1097	272.31805419922	272.31805419922	272.31805419922	272.31805419922	272.31805419922	272.31805419922	272.31805419922	272.31805419922	272.31805419922
1098	272.30404663086	272.30404663086	272.30404663086	272.30404663086	272.30404663086	272.30404663086	272.30404663086	272.30404663086	272.30404663086
1099	272.29003906250	272.29003906250	272.29003906250	272.29003906250	272.29003906250	272.29003906250	272.29003906250	272.29003906250	272.29003906250
1100	272.27606201172	272.27606201172	272.27606201172	272.27606201172	272.27606201172	272.27606201172	272.27606201172	272.27606201172	272.27606201172
1101	272.26306152344	272.26306152344	272.26306152344	272.26306152344	272.26306152344	272.26306152344	272.26306152344	272.26306152344	272.26306152344
1102	272.25006103516	272.25006103516	272.25006103516	272.25006103516	272.25006103516	272.25006103516	272.25006103516	272.25006103516	272.25006103516
1103	272.23706054688	272.23706054688	272.23706054688	272.23706054688	272.23706054688	272.23706054688	272.23706054688	272.23706054688	272.23706054688
1104	272.22406005859	272.22406005859	272.22406005859	272.22406005859	272.22406005859	272.22406005859	272.22406005859	272.22406005859	272.22406005859
1105	272.21203613281	272.21203613281	272.21203613281	272.21203613281	272.21203613281	272.21203613281	272.21203613281	272.21203613281	272.21203613281
1106	272.19903564453	272.19903564453	272.19903564453	272.19903564453	272.19903564453	272.19903564453	272.19903564453	272.19903564453	272.19903564453
1107	272.18704223633	272.18704223633	272.18704223633	272.18704223633	272.18704223633	272.18704223633	272.18704223633	272.18704223633	272.18704223633
1108	272.17605590820	272.17605590820	272.17605590820	272.17605590820	272.17605590820	272.17605590820	272.17605590820	272.17605590820	272.17605590820
1109	272.16406250000	272.16406250000	272.16406250000	272.16406250000	272.16406250000	272.16406250000	272.16406250000	272.16406250000	272.16406250000
1110	272.15304565430	272.15304565430	272.15304565430	272.15304565430	272.15304565430	272.15304565430	272.15304565430	272.15304565430	272.15304565430
1111	272.14205932617	272.14205932617	272.14205932617	272.14205932617	272.14205932617	272.14205932617	272.14205932617	272.14205932617	272.14205932617
1112	272.13204956055	272.13204956055	272.13204956055	272.13204956055	272.13204956055	272.13204956055	272.13204956055	272.13204956055	272.13204956055
1113	272.12203979492	272.12203979492	272.12203979492	272.12203979492	272.12203979492	272.12203979492	272.12203979492	272.12203979492	272.12203979492
1114	272.11206054688	272.11206054688	272.11206054688	272.11206054688	272.11206054688	272.11206054688	272.11206054688	272.11206054688	272.11206054688
1115	272.10205078125	272.10205078125	272.10205078125	272.10205078125	272.10205078125	272.10205078125	272.10205078125	272.10205078125	272.10205078125
1116	272.09304809570	272.09304809570	272.09304809570	272.09304809570	272.09304809570	272.09304809570	272.09304809570	272.09304809570	272.09304809570
1117	272.08303833008	272.08303833008	272.08303833008	272.08303833008	272.08303833008	272.08303833008	272.08303833008	272.08303833008	272.08303833008
1118	272.07504272461	272.07504272461	272.07504272461	272.07504272461	272.07504272461	272.07504272461	272.07504272461	272.07504272461	272.07504272461
1119	272.06604003906	272.06604003906	272.06604003906	272.06604003906	272.06604003906	272.06604003906	272.06604003906	272.06604003906	272.06604003906
1120	272.05804443359	272.05804443359	272.05804443359	272.05804443359	272.05804443359	272.05804443359	272.05804443359	272.05804443359	272.05804443359
1121	272.05004882813	272.05004882813	272.05004882813	272.05004882813	272.05004882813	272.05004882813	272.05004882813	272.05004882813	272.05004882813
1122	272.04205322266	272.04205322266	272.04205322266	272.04205322266	272.04205322266	272.04205322266	272.04205322266	272.04205322266	272.04205322266
1123	272.03405761719	272.03405761719	272.03405761719	272.03405761719	272.03405761719	272.03405761719	272.03405761719	272.03405761719	272.03405761719
1124	272.02703857422	272.02703857422	272.02703857422	272.02703857422	272.02703857422	272.02703857422	272.02703857422	272.02703857422	272.02703857422
1125	272.02005004883	272.02005004883	272.02005004883	272.02005004883	272.02005004883	272.02005004883	272.02005004883	272.02005004883	272.02005004883
1126	272.01306152344	272.01306152344	272.01306152344	272.01306152344	272.01306152344	272.01306152344	272.01306152344	272.01306152344	272.01306152344
1127	272.00704956055	272.00704956055	272.00704956055	272.00704956055	272.00704956055	272.00704956055	272.00704956055	272.00704956055	272.00704956055
1128	272.00103759766	272.00103759766	272.00103759766	272.00103759766	272.00103759766	272.00103759766	272.00103759766	272.00103759766	272.00103759766
1129	271.99404907227	271.99404907227	271.99404907227	271.99404907227	271.99404907227	271.99404907227	271.99404907227	271.99404907227	271.99404907227
1130	271.98803710938	271.98803710938	271.98803710938	271.98803710938	271.98803710938	271.98803710938	271.98803710938	271.98803710938	271.98803710938
1131	271.98306274414	271.98306274414	271.98306274414	271.98306274414	271.98306274414	271.98306274414	271.98306274414	271.98306274414	271.98306274414
1132	271.97705078125	271.97705078125	271.97705078125	271.97705078125	271.97705078125	271.97705078125	271.97705078125	271.97705078125	271.97705078125
1133	271.97103881836	271.97103881836	271.97103881836	271.97103881836	271.97103881836	271.97103881836	271.97103881836	271.97103881836	271.97103881836
1134	271.96606445313	271.96606445313	271.96606445313	271.96606445313	271.96606445313	271.96606445313	271.96606445313	271.96606445313	271.96606445313
1135	271.96105957031	271.96105957031	271.96105957031	271.96105957031	271.96105957031	271.96105957031	271.96105957031	271.96105957031	271.96105957031
1136	271.95605468750	271.95605468750	271.95605468750	271.95605468750	271.95605468750	271.95605468750	271.95605468750	271.95605468750	271.95605468750
1137	271.95104980469	271.95104980469	271.95104980469	271.95104980469	271.95104980469	271.95104980469	271.95104980469	271.95104980469	271.95104980469
1138	271.94604492188	271.94604492188	271.94604492188	271.94604492188	271.94604492188	271.94604492188	271.94604492188	271.94604492188	271.94604492188
1139	271.94204711914	271.94204711914	271.94204711914	271.94204711914	271.94204711914	271.94204711914	271.94204711914	271.94204711914	271.94204711914
1140	271.93704223633	271.93704223633	271.93704223633	271.93704223633	271.93704223633	271.93704223633	271.93704223633	271.93704223633	271.93704223633
1141	271.93304443359	271.93304443359	271.93304443359	271.93304443359	271.93304443359	271.93304443359	271.93304443359	271.93304443359	271.93304443359
1142	271.92803955078	271.92803955078	271.92803955078	271.92803955078	271.92803955078	271.92803955078	271.92803955078	271.92803955078	271.92803955078
1143	271.92404174805	271.92404174805	271.92404174805	271.92404174805	271.92404174805	271.92404174805	271.92404174805	271.92404174805	271.92404174805
1144	271.92004394531	271.92004394531	271.92004394531	271.92004394531	271.92004394531	271.92004394531	271.92004394531	271.92004394531	271.92004394531
1145	271.91604614258	271.91604614258	271.91604614258	271.91604614258	271.91604614258	271.91604614258	271.91604614258	271.91604614258	271.91604614258
1146	271.91204833984	271.91204833984	271.91204833984	271.91204833984	271.91204833984	271.91204833984	271.91204833984	271.91204833984	271.91204833984
1147	271.90805053711	271.90805053711	271.90805053711	271.90805053711	271.90805053711	271.90805053711	271.90805053711	271.90805053711	271.90805053711
1148	271.90505981445	271.90505981445	271.90505981445	271.90505981445	271.90505981445	271.90505981445	271.90505981445	271.90505981445	271.90505981445
1149	271.90106201172	271.90106201172	271.90106201172	271.90106201172	271.90106201172	271.90106201172	271.90106201172	271.90106201172	271.90106201172
1150	271.89804077148	271.89804077148	271.89804077148	271.89804077148	271.89804077148	271.89804077148	271.89804077148	271.89804077148	271.89804077148
1151	271.89404296875	271.89404296875	271.89404296875	271.89404296875	271.89404296875	271.89404296875	271.89404296875	271.89404296875	271.89404296875
1152	271.89105224609	271.89105224609	271.89105224609	271.89105224609	271.89105224609	271.89105224609	271.89105224609	271.89105224609	271.89105224609
1153	271.88705444336	271.88705444336	271.88705444336	271.88705444336	271.88705444336	271.88705444336	271.88705444336	271.88705444336	271.88705444336
1154	271.88406372070	271.88406372070	271.88406372070	271.88406372070	271.88406372070	271.88406372070	271.88406372070	271.88406372070	271.88406372070
1155	271.88104248047	271.88104248047	271.88104248047	271.88104248047	271.88104248047	271.88104248047	271.88104248047	271.88104248047	271.88104248047
1156	271.87805175781	271.87805175781	271.87805175781	271.87805175781	271.87805175781	271.87805175781	271.87805175781	271.87805175781	271.87805175781
1157	271.87506103516	271.87506103516	271.87506103516	271.87506103516	271.87506103516	271.87506103516	271.87506103516	271.87506103516	271.87506103516
1158	271.87203979492	271.87203979492	271.87203979492	271.87203979492	271.87203979492	271.87203979492	271.87203979492	271.87203979492	271.87203979492
1159	271.86904907227	271.86904907227	271.86904907227	271.86904907227	271.86904907227	271.86904907227	271.86904907227	271.86904907227	271.86904907227
1160	271.86605834961	271.86605834961	271.86605834961	271.86605834961	271.86605834961	271.86605834961	271.86605834961	271.86605834961	271.86605834961
1161	271.86303710938	271.86303710938	271.86303710938	271.86303710938	271.86303710938	271.86303710938	271.86303710938	271.86303710938	271.86303710938
1162	271.86004638672	271.86004638672	271.86004638672	271.86004638672	271.86004638672	271.86004638672	271.86004638672	271.86004638672	271.86004638672
1163	271.85705566406	271.85705566406	271.85705566406	271.85705566406	271.85705566406	271.85705566406	271.85705566406	271.85705566406	271.85705566406
1164	271.85406494141	271.85406494141	271.85406494141	271.85406494141	271.85406494141	271.85406494141	271.85406494141	271.85406494141	271.85406494141
1165	271.85104370117	271.85104370117	271.85104370117	271.85104370117	271.85104370117	271.85104370117	271.85104370117	271.85104370117	271.85104370117
1166	271.84805297852	271.84805297852	271.84805297852	271.84805297852	271.84805297852	271.84805297852	271.84805297852	271.84805297852	271.84805297852
1167	271.84506225586	271.84506225586	271.84506225586	271.84506225586	271.84506225586	271.84506225586	271.84506225586	271.84506225586	271.84506225586
1168	271.84204101563	271.84204101563	271.84204101563	271.84204101563	271.84204101563	271.84204101563	271.84204101563	271.84204101563	271.84204101563
1169	271.83804321289	271.83804321289	271.83804321289	271.83804321289	271.83804321289	271.83804321289	271.83804321289	271.83804321289	271.83804321289
1170	271.83505249023	271.83505249023	271.83505249023	271.83505249023	271.83505249023	271.83505249023	271.83505249023	271.83505249023	271.83505249023
1171	271.83206176758	271.83206176758	271.83206176758	271.83206176758	271.83206176758	271.83206176758	271.83206176758	271.83206176758	271.83206176758
1172	271.82806396484	271.82806396484	271.82806396484	271.82806396484	271.82806396484	271.82806396484	271.82806396484	271.82806396484	271.82806396484
1173	271.82403564453	271.82403564453	271.82403564453	271.82403564453	271.82403564453	271.82403564453	271.82403564453	271.82403564453	271.82403564453
1174	271.82104492188	271.82104492188	271.82104492188	271.82104492188	271.82104492188	271.82104492188	271.82104492188	271.82104492188	271.82104492188
1175	271.81704711914	271.81704711914	271.81704711914	271.81704711914	271.81704711914	271.81704711914	271.81704711914	271.81704711914	271.81704711914
1176	271.81304931641	271.81304931641	271.81304931641	271.81304931641	271.81304931641	271.81304931641	271.81304931641	271.81304931641	271.81304931641
1177	271.80804443359	271.80804443359	271.80804443359	271.80804443359	271.80804443359	271.80804443359	271.80804443359	271.80804443359	271.80804443359
1178	271.80404663086	271.80404663086	271.80404663086	271.80404663086	271.80404663086	271.80404663086	271.80404663086	271.80404663086	271.80404663086
1179	271.79904174805	271.79904174805	271.79904174805	271.79904174805	271.79904174805	271.79904174805	271.79904174805	271.79904174805	271.79904174805
1180	271.79504394531	271.79504394531	271.79504394531	271.79504394531	271.79504394531	271.79504394531	271.79504394531	271.79504394531	271.79504394531
1181	271.79003906250	271.79003906250	271.79003906250	271.79003906250	271.79003906250	271.79003906250	271.79003906250	271.79003906250	271.79003906250
1182	271.78405761719	271.78405761719	271.78405761719	271.78405761719	271.78405761719	271.78405761719	271.78405761719	271.78405761719	271.78405761719
1183	271.77905273438	271.77905273438	271.77905273438	271.77905273438	271.77905273438	271.77905273438	271.77905273438	271.77905273438	271.77905273438
1184	271.77304077148	271.77304077148	271.77304077148	271.77304077148	271.77304077148	271.77304077148	271.77304077148	271.77304077148	271.77304077148
1185	271.76705932617	271.76705932617	271.76705932617	271.76705932617	271.76705932617	271.76705932617	271.76705932617	271.76705932617	271.76705932617
1186	271.76104736328	271.76104736328	271.76104736328	271.76104736328	271.76104736328	271.76104736328	271.76104736328	271.76104736328	271.76104736328
1187	271.75503540039	271.75503540039	271.75503540039	271.75503540039	271.75503540039	271.75503540039	271.75503540039	271.75503540039	271.75503540039
1188	271.74804687500	271.74804687500	271.74804687500	271.74804687500	271.74804687500	271.74804687500	271.74804687500	271.74804687500	271.74804687500
1189	271.74203491211	271.74203491211	271.74203491211	271.74203491211	271.74203491211	271.74203491211	271.74203491211	271.74203491211	271.74203491211
1190	271.73504638672	271.73504638672	271.73504638672	271.73504638672	271.73504638672	271.73504638672	271.73504638672	271.73504638672	271.73504638672
1191	271.72705078125	271.72705078125	271.72705078125	271.72705078125	271.72705078125	271.72705078125	271.72705078125	271.72705078125	271.72705078125
1192	271.72006225586	271.72006225586	271.72006225586	271.72006225586	271.72006225586	271.72006225586	271.72006225586	271.72006225586	271.72006225586
1193	271.71203613281	271.71203613281	271.71203613281	271.71203613281	271.71203613281	271.71203613281	271.71203613281	271.71203613281	271.71203613281
1194	271.70404052734	271.70404052734	271.70404052734	271.70404052734	271.70404052734	271.70404052734	271.70404052734	271.70404052734	271.70404052734
1195	271.69604492188	271.69604492188	271.69604492188	271.69604492188	271.69604492188	271.69604492188	271.69604492188	271.69604492188	271.69604492188
1196	271.68704223633	271.68704223633	271.68704223633	271.68704223633	271.68704223633	271.68704223633	271.68704223633	271.68704223633	271.68704223633
1197	271.67803955078	271.67803955078	271.67803955078	271.67803955078	271.67803955078	271.67803955078	271.67803955078	271.67803955078	271.67803955078
1198	271.66903686523	271.66903686523	271.66903686523	271.66903686523	271.66903686523	271.66903686523	271.66903686523	271.66903686523	271.66903686523
1199	271.66006469727	271.66006469727	271.66006469727	271.66006469727	271.66006469727	271.66006469727	271.66006469727	271.66006469727	271.66006469727
1200	271.65005493164	271.65005493164	271.65005493164	271.65005493164	271.65005493164	271.65005493164	271.65005493164	271.65005493164	271.65005493164
1201	271.64105224609	271.64105224609	271.64105224609	271.64105224609	271.64105224609	271.64105224609	271.64105224609	271.64105224609	271.64105224609
1202	271.63003540039	271.63003540039	271.63003540039	271.63003540039	271.63003540039	271.63003540039	271.63003540039	271.63003540039	271.63003540039
1203	271.62005615234	271.62005615234	271.62005615234	271.62005615234	271.62005615234	271.62005615234	271.62005615234	271.62005615234	271.62005615234
1204	271.61004638672	271.61004638672	271.61004638672	271.61004638672	271.61004638672	271.61004638672	271.61004638672	271.61004638672	271.61004638672
1205	271.59906005859	271.59906005859	271.59906005859	271.59906005859	271.59906005859	271.59906005859	271.59906005859	271.59906005859	271.59906005859
1206	271.58804321289	271.58804321289	271.58804321289	271.58804321289	271.58804321289	271.58804321289	271.58804321289	271.58804321289	271.58804321289
1207	271.57705688477	271.57705688477	271.57705688477	271.57705688477	271.57705688477	271.57705688477	271.57705688477	271.57705688477	271.57705688477
1208	271.56604003906	271.56604003906	271.56604003906	271.56604003906	271.56604003906	271.56604003906	271.56604003906	271.56604003906	271.56604003906
1209	271.55404663086	271.55404663086	271.55404663086	271.55404663086	271.55404663086	271.55404663086	271.55404663086	271.55404663086	271.55404663086
1210	271.54205322266	271.54205322266	271.54205322266	271.54205322266	271.54205322266	271.54205322266	271.54205322266	271.54205322266	271.54205322266
1211	271.53005981445	271.53005981445	271.53005981445	271.53005981445	271.53005981445	271.53005981445	271.53005981445	271.53005981445	271.53005981445
1212	271.51803588867	271.51803588867	271.51803588867	271.51803588867	271.51803588867	271.51803588867	271.51803588867	271.51803588867	271.51803588867
1213	271.50604248047	271.50604248047	271.50604248047	271.50604248047	271.50604248047	271.50604248047	271.50604248047	271.50604248047	271.50604248047
1214	271.49304199219	271.49304199219	271.49304199219	271.49304199219	271.49304199219	271.49304199219	271.49304199219	271.49304199219	271.49304199219
1215	271.48104858398	271.48104858398	271.48104858398	271.48104858398	271.48104858398	271.48104858398	271.48104858398	271.48104858398	271.48104858398
1216	271.46804809570	271.46804809570	271.46804809570	271.46804809570	271.46804809570	271.46804809570	271.46804809570	271.46804809570	271.46804809570
1217	271.45504760742	271.45504760742	271.45504760742	271.45504760742	271.45504760742	271.45504760742	271.45504760742	271.45504760742	271.45504760742
1218	271.44204711914	271.44204711914	271.44204711914	271.44204711914	271.44204711914	271.44204711914	271.44204711914	271.44204711914	271.44204711914
1219	271.42904663086	271.42904663086	271.42904663086	271.42904663086	271.42904663086	271.42904663086	271.42904663086	271.42904663086	271.42904663086
1220	271.41503906250	271.41503906250	271.41503906250	271.41503906250	271.41503906250	271.41503906250	271.41503906250	271.41503906250	271.41503906250
1221	271.40203857422	271.40203857422	271.40203857422	271.40203857422	271.40203857422	271.40203857422	271.40203857422	271.40203857422	271.40203857422
1222	271.38806152344	271.38806152344	271.38806152344	271.38806152344	271.38806152344	271.38806152344	271.38806152344	271.38806152344	271.38806152344
1223	271.37405395508	271.37405395508	271.37405395508	271.37405395508	271.37405395508	271.37405395508	271.37405395508	271.37405395508	271.37405395508
1224	271.36105346680	271.36105346680	271.36105346680	271.36105346680	271.36105346680	271.36105346680	271.36105346680	271.36105346680	271.36105346680
1225	271.34704589844	271.34704589844	271.34704589844	271.34704589844	271.34704589844	271.34704589844	271.34704589844	271.34704589844	271.34704589844
1226	271.33303833008	271.33303833008	271.33303833008	271.33303833008	271.33303833008	271.33303833008	271.33303833008	271.33303833008	271.33303833008
1227	271.31906127930	271.31906127930	271.31906127930	271.31906127930	271.31906127930	271.31906127930	271.31906127930	271.31906127930	271.31906127930
1228	271.30505371094	271.30505371094	271.30505371094	271.30505371094	271.30505371094	271.30505371094	271.30505371094	271.30505371094	271.30505371094
1229	271.29003906250	271.29003906250	271.29003906250	271.29003906250	271.29003906250	271.29003906250	271.29003906250	271.29003906250	271.29003906250
1230	271.27606201172	271.27606201172	271.27606201172	271.27606201172	271.27606201172	271.27606201172	271.27606201172	271.27606201172	271.27606201172
1231	271.26205444336	271.26205444336	271.26205444336	271.26205444336	271.26205444336	271.26205444336	271.26205444336	271.26205444336	271.26205444336
1232	271.24804687500	271.24804687500	271.24804687500	271.24804687500	271.24804687500	271.24804687500	271.24804687500	271.24804687500	271.24804687500
1233	271.23306274414	271.23306274414	271.23306274414	271.23306274414	271.23306274414	271.23306274414	271.23306274414	271.23306274414	271.23306274414
1234	271.21905517578	271.21905517578	271.21905517578	271.21905517578	271.21905517578	271.21905517578	271.21905517578	271.21905517578	271.21905517578
1235	271.20504760742	271.20504760742	271.20504760742	271.20504760742	271.20504760742	271.20504760742	271.20504760742	271.20504760742	271.20504760742
1236	271.19104003906	271.19104003906	271.19104003906	271.19104003906	271.19104003906	271.19104003906	271.19104003906	271.19104003906	271.19104003906
1237	271.17706298828	271.17706298828	271.17706298828	271.17706298828	271.17706298828	271.17706298828	271.17706298828	271.17706298828	271.17706298828
1238	271.16305541992	271.16305541992	271.16305541992	271.16305541992	271.16305541992	271.16305541992	271.16305541992	271.16305541992	271.16305541992
1239	271.14904785156	271.14904785156	271.14904785156	271.14904785156	271.14904785156	271.14904785156	271.14904785156	271.14904785156	271.14904785156
1240	271.13504028320	271.13504028320	271.13504028320	271.13504028320	271.13504028320	271.13504028320	271.13504028320	271.13504028320	271.13504028320
1241	271.12106323242	271.12106323242	271.12106323242	271.12106323242	271.12106323242	271.12106323242	271.12106323242	271.12106323242	271.12106323242
1242	271.10705566406	271.10705566406	271.10705566406	271.10705566406	271.10705566406	271.10705566406	271.10705566406	271.10705566406	271.10705566406
1243	271.09405517578	271.09405517578	271.09405517578	271.09405517578	271.09405517578	271.09405517578	271.09405517578	271.09405517578	271.09405517578
1244	271.08004760742	271.08004760742	271.08004760742	271.08004760742	271.08004760742	271.08004760742	271.08004760742	271.08004760742	271.08004760742
1245	271.06704711914	271.06704711914	271.06704711914	271.06704711914	271.06704711914	271.06704711914	271.06704711914	271.06704711914	271.06704711914
1246	271.05404663086	271.05404663086	271.05404663086	271.05404663086	271.05404663086	271.05404663086	271.05404663086	271.05404663086	271.05404663086
1247	271.04205322266	271.04205322266	271.04205322266	271.04205322266	271.04205322266	271.04205322266	271.04205322266	271.04205322266	271.04205322266
1248	271.02905273438	271.02905273438	271.02905273438	271.02905273438	271.02905273438	271.02905273438	271.02905273438	271.02905273438	271.02905273438
1249	271.01705932617	271.01705932617	271.01705932617	271.01705932617	271.01705932617	271.01705932617	271.01705932617	271.01705932617	271.01705932617
1250	271.00503540039	271.00503540039	271.00503540039	271.00503540039	271.00503540039	271.00503540039	271.00503540039	271.00503540039	271.00503540039
1251	270.99304199219	270.99304199219	270.99304199219	270.99304199219	270.99304199219	270.99304199219	270.99304199219	270.99304199219	270.99304199219
1252	270.98205566406	270.98205566406	270.98205566406	270.98205566406	270.98205566406	270.98205566406	270.98205566406	270.98205566406	270.98205566406
1253	270.97006225586	270.97006225586	270.97006225586	270.97006225586	270.97006225586	270.97006225586	270.97006225586	270.97006225586	270.97006225586
1254	270.95904541016	270.95904541016	270.95904541016	270.95904541016	270.95904541016	270.95904541016	270.95904541016	270.95904541016	270.95904541016
1255	270.94903564453	270.94903564453	270.94903564453	270.94903564453	270.94903564453	270.94903564453	270.94903564453	270.94903564453	270.94903564453
1256	270.93804931641	270.93804931641	270.93804931641	270.93804931641	270.93804931641	270.93804931641	270.93804931641	270.93804931641	270.93804931641
1257	270.92803955078	270.92803955078	270.92803955078	270.92803955078	270.92803955078	270.92803955078	270.92803955078	270.92803955078	270.92803955078
1258	270.91903686523	270.91903686523	270.91903686523	270.91903686523	270.91903686523	270.91903686523	270.91903686523	270.91903686523	270.91903686523
1259	270.90905761719	270.90905761719	270.90905761719	270.90905761719	270.90905761719	270.90905761719	270.90905761719	270.90905761719	270.90905761719
1260	270.90005493164	270.90005493164	270.90005493164	270.90005493164	270.90005493164	270.90005493164	270.90005493164	270.90005493164	270.90005493164
1261	270.89105224609	270.89105224609	270.89105224609	270.89105224609	270.89105224609	270.89105224609	270.89105224609	270.89105224609	270.89105224609
1262	270.88204956055	270.88204956055	270.88204956055	270.88204956055	270.88204956055	270.88204956055	270.88204956055	270.88204956055	270.88204956055
1263	270.87405395508	270.87405395508	270.87405395508	270.87405395508	270.87405395508	270.87405395508	270.87405395508	270.87405395508	270.87405395508
1264	270.86605834961	270.86605834961	270.86605834961	270.86605834961	270.86605834961	270.86605834961	270.86605834961	270.86605834961	270.86605834961
1265	270.85806274414	270.85806274414	270.85806274414	270.85806274414	270.85806274414	270.85806274414	270.85806274414	270.85806274414	270.85806274414
1266	270.85003662109	270.85003662109	270.85003662109	270.85003662109	270.85003662109	270.85003662109	270.85003662109	270.85003662109	270.85003662109
1267	270.84304809570	270.84304809570	270.84304809570	270.84304809570	270.84304809570	270.84304809570	270.84304809570	270.84304809570	270.84304809570
1268	270.83605957031	270.83605957031	270.83605957031	270.83605957031	270.83605957031	270.83605957031	270.83605957031	270.83605957031	270.83605957031
1269	270.82904052734	270.82904052734	270.82904052734	270.82904052734	270.82904052734	270.82904052734	270.82904052734	270.82904052734	270.82904052734
1270	270.82403564453	270.82403564453	270.82403564453	270.82403564453	270.82403564453	270.82403564453	270.82403564453	270.82403564453	270.82403564453
1271	270.81906127930	270.81906127930	270.81906127930	270.81906127930	270.81906127930	270.81906127930	270.81906127930	270.81906127930	270.81906127930
1272	270.81405639648	270.81405639648	270.81405639648	270.81405639648	270.81405639648	270.81405639648	270.81405639648	270.81405639648	270.81405639648
1273	270.80905151367	270.80905151367	270.80905151367	270.80905151367	270.80905151367	270.80905151367	270.80905151367	270.80905151367	270.80905151367
1274	270.80505371094	270.80505371094	270.80505371094	270.80505371094	270.80505371094	270.80505371094	270.80505371094	270.80505371094	270.80505371094
1275	270.79904174805	270.79904174805	270.79904174805	270.79904174805	270.79904174805	270.79904174805	270.79904174805	270.79904174805	270.79904174805
1276	270.79306030273	270.79306030273	270.79306030273	270.79306030273	270.79306030273	270.79306030273	270.79306030273	270.79306030273	270.79306030273
1277	270.78805541992	270.78805541992	270.78805541992	270.78805541992	270.78805541992	270.78805541992	270.78805541992	270.78805541992	270.78805541992
1278	270.78305053711	270.78305053711	270.78305053711	270.78305053711	270.78305053711	270.78305053711	270.78305053711	270.78305053711	270.78305053711
1279	270.77804565430	270.77804565430	270.77804565430	270.77804565430	270.77804565430	270.77804565430	270.77804565430	270.77804565430	270.77804565430
1280	270.77404785156	270.77404785156	270.77404785156	270.77404785156	270.77404785156	270.77404785156	270.77404785156	270.77404785156	270.77404785156
1281	270.76904296875	270.76904296875	270.76904296875	270.76904296875	270.76904296875	270.76904296875	270.76904296875	270.76904296875	270.76904296875
1282	270.76504516602	270.76504516602	270.76504516602	270.76504516602	270.76504516602	270.76504516602	270.76504516602	270.76504516602	270.76504516602
1283	270.76104736328	270.76104736328	270.76104736328	270.76104736328	270.76104736328	270.76104736328	270.76104736328	270.76104736328	270.76104736328
1284	270.75805664063	270.75805664063	270.75805664063	270.75805664063	270.75805664063	270.75805664063	270.75805664063	270.75805664063	270.75805664063
1285	270.75405883789	270.75405883789	270.75405883789	270.75405883789	270.75405883789	270.75405883789	270.75405883789	270.75405883789	270.75405883789
1286	270.75103759766	270.75103759766	270.75103759766	270.75103759766	270.75103759766	270.75103759766	270.75103759766	270.75103759766	270.75103759766
1287	270.74905395508	270.74905395508	270.74905395508	270.74905395508	270.74905395508	270.74905395508	270.74905395508	270.74905395508	270.74905395508
1288	270.74606323242	270.74606323242	270.74606323242	270.74606323242	270.74606323242	270.74606323242	270.74606323242	270.74606323242	270.74606323242
1289	270.74404907227	270.74404907227	270.74404907227	270.74404907227	270.74404907227	270.74404907227	270.74404907227	270.74404907227	270.74404907227
1290	270.74304199219	270.74304199219	270.74304199219	270.74304199219	270.74304199219	270.74304199219	270.74304199219	270.74304199219	270.74304199219
1291	270.74105834961	270.74105834961	270.74105834961	270.74105834961	270.74105834961	270.74105834961	270.74105834961	270.74105834961	270.74105834961
1292	270.74005126953	270.74005126953	270.74005126953	270.74005126953	270.74005126953	270.74005126953	270.74005126953	270.74005126953	270.74005126953
1293	270.73904418945	270.73904418945	270.73904418945	270.73904418945	270.73904418945	270.73904418945	270.73904418945	270.73904418945	270.73904418945
1294	270.73904418945	270.73904418945	270.73904418945	270.73904418945	270.73904418945	270.73904418945	270.73904418945	270.73904418945	270.73904418945
1295	270.73904418945	270.73904418945	270.73904418945	270.73904418945	270.73904418945	270.73904418945	270.73904418945	270.73904418945	270.73904418945
1296	270.73904418945	270.73904418945	270.73904418945	270.73904418945	270.73904418945	270.73904418945	270.73904418945	270.73904418945	270.73904418945
1297	270.74005126953	270.74005126953	270.74005126953	270.74005126953	270.74005126953	270.74005126953	270.74005126953	270.74005126953	270.74005126953
1298	270.74105834961	270.74105834961	270.74105834961	270.74105834961	270.74105834961	270.74105834961	270.74105834961	270.74105834961	270.74105834961
1299	270.74203491211	270.74203491211	270.74203491211	270.74203491211	270.74203491211	270.74203491211	270.74203491211	270.74203491211	270.74203491211
1300	270.74304199219	270.74304199219	270.74304199219	270.74304199219	270.74304199219	270.74304199219	270.74304199219	270.74304199219	270.74304199219
1301	270.74505615234	270.74505615234	270.74505615234	270.74505615234	270.74505615234	270.74505615234	270.74505615234	270.74505615234	270.74505615234
1302	270.74703979492	270.74703979492	270.74703979492	270.74703979492	270.74703979492	270.74703979492	270.74703979492	270.74703979492	270.74703979492
1303	270.74804687500	270.74804687500	270.74804687500	270.74804687500	270.74804687500	270.74804687500	270.74804687500	270.74804687500	270.74804687500
1304	270.75006103516	270.75006103516	270.75006103516	270.75006103516	270.75006103516	270.75006103516	270.75006103516	270.75006103516	270.75006103516
1305	270.75204467773	270.75204467773	270.75204467773	270.75204467773	270.75204467773	270.75204467773	270.75204467773	270.75204467773	270.75204467773
1306	270.75405883789	270.75405883789	270.75405883789	270.75405883789	270.75405883789	270.75405883789	270.75405883789	270.75405883789	270.75405883789
1307	270.75604248047	270.75604248047	270.75604248047	270.75604248047	270.75604248047	270.75604248047	270.75604248047	270.75604248047	270.75604248047
1308	270.75805664063	270.75805664063	270.75805664063	270.75805664063	270.75805664063	270.75805664063	270.75805664063	270.75805664063	270.75805664063
1309	270.76004028320	270.76004028320	270.76004028320	270.76004028320	270.76004028320	270.76004028320	270.76004028320	270.76004028320	270.76004028320
1310	270.76205444336	270.76205444336	270.76205444336	270.76205444336	270.76205444336	270.76205444336	270.76205444336	270.76205444336	270.76205444336
1311	270.76306152344	270.76306152344	270.76306152344	270.76306152344	270.76306152344	270.76306152344	270.76306152344	270.76306152344	270.76306152344
1312	270.76403808594	270.76403808594	270.76403808594	270.76403808594	270.76403808594	270.76403808594	270.76403808594	270.76403808594	270.76403808594
1313	270.76504516602	270.76504516602	270.76504516602	270.76504516602	270.76504516602	270.76504516602	270.76504516602	270.76504516602	270.76504516602
1314	270.76605224609	270.76605224609	270.76605224609	270.76605224609	270.76605224609	270.76605224609	270.76605224609	270.76605224609	270.76605224609
1315	270.76803588867	270.76803588867	270.76803588867	270.76803588867	270.76803588867	270.76803588867	270.76803588867	270.76803588867	270.76803588867
1316	270.76904296875	270.76904296875	270.76904296875	270.76904296875	270.76904296875	270.76904296875	270.76904296875	270.76904296875	270.76904296875
1317	270.77105712891	270.77105712891	270.77105712891	270.77105712891	270.77105712891	270.77105712891	270.77105712891	270.77105712891	270.77105712891
1318	270.77206420898	270.77206420898	270.77206420898	270.77206420898	270.77206420898	270.77206420898	270.77206420898	270.77206420898	270.77206420898
1319	270.77404785156	270.77404785156	270.77404785156	270.77404785156	270.77404785156	270.77404785156	270.77404785156	270.77404785156	270.77404785156
1320	270.77606201172	270.77606201172	270.77606201172	270.77606201172	270.77606201172	270.77606201172	270.77606201172	270.77606201172	270.77606201172
1321	270.77703857422	270.77703857422	270.77703857422	270.77703857422	270.77703857422	270.77703857422	270.77703857422	270.77703857422	270.77703857422
1322	270.77905273438	270.77905273438	270.77905273438	270.77905273438	270.77905273438	270.77905273438	270.77905273438	270.77905273438	270.77905273438
1323	270.78005981445	270.78005981445	270.78005981445	270.78005981445	270.78005981445	270.78005981445	270.78005981445	270.78005981445	270.78005981445
1324	270.78204345703	270.78204345703	270.78204345703	270.78204345703	270.78204345703	270.78204345703	270.78204345703	270.78204345703	270.78204345703
1325	270.78305053711	270.78305053711	270.78305053711	270.78305053711	270.78305053711	270.78305053711	270.78305053711	270.78305053711	270.78305053711
1326	270.78506469727	270.78506469727	270.78506469727	270.78506469727	270.78506469727	270.78506469727	270.78506469727	270.78506469727	270.78506469727
1327	270.78604125977	270.78604125977	270.78604125977	270.78604125977	270.78604125977	270.78604125977	270.78604125977	270.78604125977	270.78604125977
1328	270.78805541992	270.78805541992	270.78805541992	270.78805541992	270.78805541992	270.78805541992	270.78805541992	270.78805541992	270.78805541992
1329	270.78906250000	270.78906250000	270.78906250000	270.78906250000	270.78906250000	270.78906250000	270.78906250000	270.78906250000	270.78906250000
1330	270.79104614258	270.79104614258	270.79104614258	270.79104614258	270.79104614258	270.79104614258	270.79104614258	270.79104614258	270.79104614258
1331	270.79205322266	270.79205322266	270.79205322266	270.79205322266	270.79205322266	270.79205322266	270.79205322266	270.79205322266	270.79205322266
1332	270.79306030273	270.79306030273	270.79306030273	270.79306030273	270.79306030273	270.79306030273	270.79306030273	270.79306030273	270.79306030273
1333	270.79403686523	270.79403686523	270.79403686523	270.79403686523	270.79403686523	270.79403686523	270.79403686523	270.79403686523	270.79403686523
1334	270.79605102539	270.79605102539	270.79605102539	270.79605102539	270.79605102539	270.79605102539	270.79605102539	270.79605102539	270.79605102539
1335	270.79705810547	270.79705810547	270.79705810547	270.79705810547	270.79705810547	270.79705810547	270.79705810547	270.79705810547	270.79705810547
1336	270.79806518555	270.79806518555	270.79806518555	270.79806518555	270.79806518555	270.79806518555	270.79806518555	270.79806518555	270.79806518555
1337	270.79904174805	270.79904174805	270.79904174805	270.79904174805	270.79904174805	270.79904174805	270.79904174805	270.79904174805	270.79904174805
1338	270.80004882813	270.80004882813	270.80004882813	270.80004882813	270.80004882813	270.80004882813	270.80004882813	270.80004882813	270.80004882813
1339	270.80105590820	270.80105590820	270.80105590820	270.80105590820	270.80105590820	270.80105590820	270.80105590820	270.80105590820	270.80105590820
1340	270.80206298828	270.80206298828	270.80206298828	270.80206298828	270.80206298828	270.80206298828	270.80206298828	270.80206298828	270.80206298828
1341	270.80404663086	270.80404663086	270.80404663086	270.80404663086	270.80404663086	270.80404663086	270.80404663086	270.80404663086	270.80404663086
1342	270.80505371094	270.80505371094	270.80505371094	270.80505371094	270.80505371094	270.80505371094	270.80505371094	270.80505371094	270.80505371094
1343	270.80505371094	270.80505371094	270.80505371094	270.80505371094	270.80505371094	270.80505371094	270.80505371094	270.80505371094	270.80505371094
1344	270.80606079102	270.80606079102	270.80606079102	270.80606079102	270.80606079102	270.80606079102	270.80606079102	270.80606079102	270.80606079102
1345	270.80703735352	270.80703735352	270.80703735352	270.80703735352	270.80703735352	270.80703735352	270.80703735352	270.80703735352	270.80703735352
1346	270.80804443359	270.80804443359	270.80804443359	270.80804443359	270.80804443359	270.80804443359	270.80804443359	270.80804443359	270.80804443359
1347	270.80905151367	270.80905151367	270.80905151367	270.80905151367	270.80905151367	270.80905151367	270.80905151367	270.80905151367	270.80905151367
1348	270.81005859375	270.81005859375	270.81005859375	270.81005859375	270.81005859375	270.81005859375	270.81005859375	270.81005859375	270.81005859375
1349	270.81005859375	270.81005859375	270.81005859375	270.81005859375	270.81005859375	270.81005859375	270.81005859375	270.81005859375	270.81005859375
1350	270.81103515625	270.81103515625	270.81103515625	270.81103515625	270.81103515625	270.81103515625	270.81103515625	270.81103515625	270.81103515625
1351	270.81103515625	270.81103515625	270.81103515625	270.81103515625	270.81103515625	270.81103515625	270.81103515625	270.81103515625	270.81103515625
1352	270.81103515625	270.81103515625	270.81103515625	270.81103515625	270.81103515625	270.81103515625	270.81103515625	270.81103515625	270.81103515625
1353	270.81103515625	270.81103515625	270.81103515625	270.81103515625	270.81103515625	270.81103515625	270.81103515625	270.81103515625	270.81103515625
1354	270.81103515625	270.81103515625	270.81103515625	270.81103515625	270.81103515625	270.81103515625	270.81103515625	270.81103515625	270.81103515625
1355	270.81103515625	270.81103515625	270.81103515625	270.81103515625	270.81103515625	270.81103515625	270.81103515625	270.81103515625	270.81103515625
1356	270.81103515625	270.81103515625	270.81103515625	270.81103515625	270.81103515625	270.81103515625	270.81103515625	270.81103515625	270.81103515625
1357	270.81005859375	270.81005859375	270.81005859375	270.81005859375	270.81005859375	270.81005859375	270.81005859375	270.81005859375	270.81005859375
1358	270.80905151367	270.80905151367	270.80905151367	270.80905151367	270.80905151367	270.80905151367	270.80905151367	270.80905151367	270.80905151367
1359	270.80804443359	270.80804443359	270.80804443359	270.80804443359	270.80804443359	270.80804443359	270.80804443359	270.80804443359	270.80804443359
1360	270.80606079102	270.80606079102	270.80606079102	270.80606079102	270.80606079102	270.80606079102	270.80606079102	270.80606079102	270.80606079102
1361	270.80505371094	270.80505371094	270.80505371094	270.80505371094	270.80505371094	270.80505371094	270.80505371094	270.80505371094	270.80505371094
1362	270.80303955078	270.80303955078	270.80303955078	270.80303955078	270.80303955078	270.80303955078	270.80303955078	270.80303955078	270.80303955078
1363	270.80105590820	270.80105590820	270.80105590820	270.80105590820	270.80105590820	270.80105590820	270.80105590820	270.80105590820	270.80105590820
1364	270.79806518555	270.79806518555	270.79806518555	270.79806518555	270.79806518555	270.79806518555	270.79806518555	270.79806518555	270.79806518555
1365	270.79605102539	270.79605102539	270.79605102539	270.79605102539	270.79605102539	270.79605102539	270.79605102539	270.79605102539	270.79605102539
1366	270.79306030273	270.79306030273	270.79306030273	270.79306030273	270.79306030273	270.79306030273	270.79306030273	270.79306030273	270.79306030273
1367	270.79003906250	270.79003906250	270.79003906250	270.79003906250	270.79003906250	270.79003906250	270.79003906250	270.79003906250	270.79003906250
1368	270.78704833984	270.78704833984	270.78704833984	270.78704833984	270.78704833984	270.78704833984	270.78704833984	270.78704833984	270.78704833984
1369	270.78305053711	270.78305053711	270.78305053711	270.78305053711	270.78305053711	270.78305053711	270.78305053711	270.78305053711	270.78305053711
1370	270.78005981445	270.78005981445	270.78005981445	270.78005981445	270.78005981445	270.78005981445	270.78005981445	270.78005981445	270.78005981445
1371	270.77606201172	270.77606201172	270.77606201172	270.77606201172	270.77606201172	270.77606201172	270.77606201172	270.77606201172	270.77606201172
1372	270.77206420898	270.77206420898	270.77206420898	270.77206420898	270.77206420898	270.77206420898	270.77206420898	270.77206420898	270.77206420898
1373	270.76803588867	270.76803588867	270.76803588867	270.76803588867	270.76803588867	270.76803588867	270.76803588867	270.76803588867	270.76803588867
1374	270.76403808594	270.76403808594	270.76403808594	270.76403808594	270.76403808594	270.76403808594	270.76403808594	270.76403808594	270.76403808594
1375	270.75906372070	270.75906372070	270.75906372070	270.75906372070	270.75906372070	270.75906372070	270.75906372070	270.75906372070	270.75906372070
1376	270.75503540039	270.75503540039	270.75503540039	270.75503540039	270.75503540039	270.75503540039	270.75503540039	270.75503540039	270.75503540039
1377	270.75006103516	270.75006103516	270.75006103516	270.75006103516	270.75006103516	270.75006103516	270.75006103516	270.75006103516	270.75006103516
1378	270.74505615234	270.74505615234	270.74505615234	270.74505615234	270.74505615234	270.74505615234	270.74505615234	270.74505615234	270.74505615234
1379	270.74005126953	270.74005126953	270.74005126953	270.74005126953	270.74005126953	270.74005126953	270.74005126953	270.74005126953	270.74005126953
1380	270.73403930664	270.73403930664	270.73403930664	270.73403930664	270.73403930664	270.73403930664	270.73403930664	270.73403930664	270.73403930664
1381	270.72906494141	270.72906494141	270.72906494141	270.72906494141	270.72906494141	270.72906494141	270.72906494141	270.72906494141	270.72906494141
1382	270.72305297852	270.72305297852	270.72305297852	270.72305297852	270.72305297852	270.72305297852	270.72305297852	270.72305297852	270.72305297852
1383	270.71804809570	270.71804809570	270.71804809570	270.71804809570	270.71804809570	270.71804809570	270.71804809570	270.71804809570	270.71804809570
1384	270.71203613281	270.71203613281	270.71203613281	270.71203613281	270.71203613281	270.71203613281	270.71203613281	270.71203613281	270.71203613281
1385	270.70605468750	270.70605468750	270.70605468750	270.70605468750	270.70605468750	270.70605468750	270.70605468750	270.70605468750	270.70605468750
1386	270.70004272461	270.70004272461	270.70004272461	270.70004272461	270.70004272461	270.70004272461	270.70004272461	270.70004272461	270.70004272461
1387	270.69305419922	270.69305419922	270.69305419922	270.69305419922	270.69305419922	270.69305419922	270.69305419922	270.69305419922	270.69305419922
1388	270.68704223633	270.68704223633	270.68704223633	270.68704223633	270.68704223633	270.68704223633	270.68704223633	270.68704223633	270.68704223633
1389	270.68106079102	270.68106079102	270.68106079102	270.68106079102	270.68106079102	270.68106079102	270.68106079102	270.68106079102	270.68106079102
1390	270.67404174805	270.67404174805	270.67404174805	270.67404174805	270.67404174805	270.67404174805	270.67404174805	270.67404174805	270.67404174805
1391	270.66604614258	270.66604614258	270.66604614258	270.66604614258	270.66604614258	270.66604614258	270.66604614258	270.66604614258	270.66604614258
1392	270.65805053711	270.65805053711	270.65805053711	270.65805053711	270.65805053711	270.65805053711	270.65805053711	270.65805053711	270.65805053711
1393	270.65106201172	270.65106201172	270.65106201172	270.65106201172	270.65106201172	270.65106201172	270.65106201172	270.65106201172	270.65106201172
1394	270.64303588867	270.64303588867	270.64303588867	270.64303588867	270.64303588867	270.64303588867	270.64303588867	270.64303588867	270.64303588867
1395	270.63604736328	270.63604736328	270.63604736328	270.63604736328	270.63604736328	270.63604736328	270.63604736328	270.63604736328	270.63604736328
1396	270.62905883789	270.62905883789	270.62905883789	270.62905883789	270.62905883789	270.62905883789	270.62905883789	270.62905883789	270.62905883789
1397	270.62304687500	270.62304687500	270.62304687500	270.62304687500	270.62304687500	270.62304687500	270.62304687500	270.62304687500	270.62304687500
1398	270.61706542969	270.61706542969	270.61706542969	270.61706542969	270.61706542969	270.61706542969	270.61706542969	270.61706542969	270.61706542969
1399	270.61105346680	270.61105346680	270.61105346680	270.61105346680	270.61105346680	270.61105346680	270.61105346680	270.61105346680	270.61105346680
1400	270.60504150391	270.60504150391	270.60504150391	270.60504150391	270.60504150391	270.60504150391	270.60504150391	270.60504150391	270.60504150391
1401	270.59906005859	270.59906005859	270.59906005859	270.59906005859	270.59906005859	270.59906005859	270.59906005859	270.59906005859	270.59906005859
1402	270.59405517578	270.59405517578	270.59405517578	270.59405517578	270.59405517578	270.59405517578	270.59405517578	270.59405517578	270.59405517578
1403	270.58804321289	270.58804321289	270.58804321289	270.58804321289	270.58804321289	270.58804321289	270.58804321289	270.58804321289	270.58804321289
1404	270.58206176758	270.58206176758	270.58206176758	270.58206176758	270.58206176758	270.58206176758	270.58206176758	270.58206176758	270.58206176758
1405	270.57705688477	270.57705688477	270.57705688477	270.57705688477	270.57705688477	270.57705688477	270.57705688477	270.57705688477	270.57705688477
1406	270.57205200195	270.57205200195	270.57205200195	270.57205200195	270.57205200195	270.57205200195	270.57205200195	270.57205200195	270.57205200195
1407	270.56604003906	270.56604003906	270.56604003906	270.56604003906	270.56604003906	270.56604003906	270.56604003906	270.56604003906	270.56604003906
1408	270.56103515625	270.56103515625	270.56103515625	270.56103515625	270.56103515625	270.56103515625	270.56103515625	270.56103515625	270.56103515625
1409	270.55505371094	270.55505371094	270.55505371094	270.55505371094	270.55505371094	270.55505371094	270.55505371094	270.55505371094	270.55505371094
1410	270.55004882813	270.55004882813	270.55004882813	270.55004882813	270.55004882813	270.55004882813	270.55004882813	270.55004882813	270.55004882813
1411	270.54504394531	270.54504394531	270.54504394531	270.54504394531	270.54504394531	270.54504394531	270.54504394531	270.54504394531	270.54504394531
1412	270.53906250000	270.53906250000	270.53906250000	270.53906250000	270.53906250000	270.53906250000	270.53906250000	270.53906250000	270.53906250000
1413	270.53405761719	270.53405761719	270.53405761719	270.53405761719	270.53405761719	270.53405761719	270.53405761719	270.53405761719	270.53405761719
1414	270.52804565430	270.52804565430	270.52804565430	270.52804565430	270.52804565430	270.52804565430	270.52804565430	270.52804565430	270.52804565430
1415	270.52304077148	270.52304077148	270.52304077148	270.52304077148	270.52304077148	270.52304077148	270.52304077148	270.52304077148	270.52304077148
1416	270.51705932617	270.51705932617	270.51705932617	270.51705932617	270.51705932617	270.51705932617	270.51705932617	270.51705932617	270.51705932617
1417	270.51104736328	270.51104736328	270.51104736328	270.51104736328	270.51104736328	270.51104736328	270.51104736328	270.51104736328	270.51104736328
1418	270.50604248047	270.50604248047	270.50604248047	270.50604248047	270.50604248047	270.50604248047	270.50604248047	270.50604248047	270.50604248047
1419	270.50006103516	270.50006103516	270.50006103516	270.50006103516	270.50006103516	270.50006103516	270.50006103516	270.50006103516	270.50006103516
1420	270.49404907227	270.49404907227	270.49404907227	270.49404907227	270.49404907227	270.49404907227	270.49404907227	270.49404907227	270.49404907227
1421	270.48803710938	270.48803710938	270.48803710938	270.48803710938	270.48803710938	270.48803710938	270.48803710938	270.48803710938	270.48803710938
1422	270.48205566406	270.48205566406	270.48205566406	270.48205566406	270.48205566406	270.48205566406	270.48205566406	270.48205566406	270.48205566406
1423	270.47604370117	270.47604370117	270.47604370117	270.47604370117	270.47604370117	270.47604370117	270.47604370117	270.47604370117	270.47604370117
1424	270.47006225586	270.47006225586	270.47006225586	270.47006225586	270.47006225586	270.47006225586	270.47006225586	270.47006225586	270.47006225586
1425	270.46405029297	270.46405029297	270.46405029297	270.46405029297	270.46405029297	270.46405029297	270.46405029297	270.46405029297	270.46405029297
1426	270.45803833008	270.45803833008	270.45803833008	270.45803833008	270.45803833008	270.45803833008	270.45803833008	270.45803833008	270.45803833008
1427	270.45205688477	270.45205688477	270.45205688477	270.45205688477	270.45205688477	270.45205688477	270.45205688477	270.45205688477	270.45205688477
1428	270.44705200195	270.44705200195	270.44705200195	270.44705200195	270.44705200195	270.44705200195	270.44705200195	270.44705200195	270.44705200195
1429	270.44104003906	270.44104003906	270.44104003906	270.44104003906	270.44104003906	270.44104003906	270.44104003906	270.44104003906	270.44104003906
1430	270.43603515625	270.43603515625	270.43603515625	270.43603515625	270.43603515625	270.43603515625	270.43603515625	270.43603515625	270.43603515625
1431	270.43005371094	270.43005371094	270.43005371094	270.43005371094	270.43005371094	270.43005371094	270.43005371094	270.43005371094	270.43005371094
1432	270.42504882813	270.42504882813	270.42504882813	270.42504882813	270.42504882813	270.42504882813	270.42504882813	270.42504882813	270.42504882813
1433	270.42004394531	270.42004394531	270.42004394531	270.42004394531	270.42004394531	270.42004394531	270.42004394531	270.42004394531	270.42004394531
1434	270.41604614258	270.41604614258	270.41604614258	270.41604614258	270.41604614258	270.41604614258	270.41604614258	270.41604614258	270.41604614258
1435	270.41104125977	270.41104125977	270.41104125977	270.41104125977	270.41104125977	270.41104125977	270.41104125977	270.41104125977	270.41104125977
1436	270.40704345703	270.40704345703	270.40704345703	270.40704345703	270.40704345703	270.40704345703	270.40704345703	270.40704345703	270.40704345703
1437	270.40304565430	270.40304565430	270.40304565430	270.40304565430	270.40304565430	270.40304565430	270.40304565430	270.40304565430	270.40304565430
1438	270.40005493164	270.40005493164	270.40005493164	270.40005493164	270.40005493164	270.40005493164	270.40005493164	270.40005493164	270.40005493164
1439	270.39706420898	270.39706420898	270.39706420898	270.39706420898	270.39706420898	270.39706420898	270.39706420898	270.39706420898	270.39706420898
1440	270.39404296875	270.39404296875	270.39404296875	270.39404296875	270.39404296875	270.39404296875	270.39404296875	270.39404296875	270.39404296875
1441	270.39205932617	270.39205932617	270.39205932617	270.39205932617	270.39205932617	270.39205932617	270.39205932617	270.39205932617	270.39205932617
1442	270.39105224609	270.39105224609	270.39105224609	270.39105224609	270.39105224609	270.39105224609	270.39105224609	270.39105224609	270.39105224609
1443	270.38903808594	270.38903808594	270.38903808594	270.38903808594	270.38903808594	270.38903808594	270.38903808594	270.38903808594	270.38903808594
1444	270.38806152344	270.38806152344	270.38806152344	270.38806152344	270.38806152344	270.38806152344	270.38806152344	270.38806152344	270.38806152344
1445	270.38806152344	270.38806152344	270.38806152344	270.38806152344	270.38806152344	270.38806152344	270.38806152344	270.38806152344	270.38806152344
1446	270.38806152344	270.38806152344	270.38806152344	270.38806152344	270.38806152344	270.38806152344	270.38806152344	270.38806152344	270.38806152344
1447	270.38903808594	270.38903808594	270.38903808594	270.38903808594	270.38903808594	270.38903808594	270.38903808594	270.38903808594	270.38903808594
1448	270.39004516602	270.39004516602	270.39004516602	270.39004516602	270.39004516602	270.39004516602	270.39004516602	270.39004516602	270.39004516602
1449	270.39205932617	270.39205932617	270.39205932617	270.39205932617	270.39205932617	270.39205932617	270.39205932617	270.39205932617	270.39205932617
1450	270.39404296875	270.39404296875	270.39404296875	270.39404296875	270.39404296875	270.39404296875	270.39404296875	270.39404296875	270.39404296875
1451	270.39605712891	270.39605712891	270.39605712891	270.39605712891	270.39605712891	270.39605712891	270.39605712891	270.39605712891	270.39605712891
1452	270.39904785156	270.39904785156	270.39904785156	270.39904785156	270.39904785156	270.39904785156	270.39904785156	270.39904785156	270.39904785156
1453	270.40304565430	270.40304565430	270.40304565430	270.40304565430	270.40304565430	270.40304565430	270.40304565430	270.40304565430	270.40304565430
1454	270.40704345703	270.40704345703	270.40704345703	270.40704345703	270.40704345703	270.40704345703	270.40704345703	270.40704345703	270.40704345703
1455	270.41104125977	270.41104125977	270.41104125977	270.41104125977	270.41104125977	270.41104125977	270.41104125977	270.41104125977	270.41104125977
1456	270.41604614258	270.41604614258	270.41604614258	270.41604614258	270.41604614258	270.41604614258	270.41604614258	270.41604614258	270.41604614258
1457	270.42105102539	270.42105102539	270.42105102539	270.42105102539	270.42105102539	270.42105102539	270.42105102539	270.42105102539	270.42105102539
1458	270.42706298828	270.42706298828	270.42706298828	270.42706298828	270.42706298828	270.42706298828	270.42706298828	270.42706298828	270.42706298828
1459	270.43304443359	270.43304443359	270.43304443359	270.43304443359	270.43304443359	270.43304443359	270.43304443359	270.43304443359	270.43304443359
1460	270.44006347656	270.44006347656	270.44006347656	270.44006347656	270.44006347656	270.44006347656	270.44006347656	270.44006347656	270.44006347656
1461	270.44705200195	270.44705200195	270.44705200195	270.44705200195	270.44705200195	270.44705200195	270.44705200195	270.44705200195	270.44705200195
1462	270.45404052734	270.45404052734	270.45404052734	270.45404052734	270.45404052734	270.45404052734	270.45404052734	270.45404052734	270.45404052734
1463	270.46105957031	270.46105957031	270.46105957031	270.46105957031	270.46105957031	270.46105957031	270.46105957031	270.46105957031	270.46105957031
1464	270.46905517578	270.46905517578	270.46905517578	270.46905517578	270.46905517578	270.46905517578	270.46905517578	270.46905517578	270.46905517578
1465	270.47705078125	270.47705078125	270.47705078125	270.47705078125	270.47705078125	270.47705078125	270.47705078125	270.47705078125	270.47705078125
1466	270.48605346680	270.48605346680	270.48605346680	270.48605346680	270.48605346680	270.48605346680	270.48605346680	270.48605346680	270.48605346680
1467	270.49505615234	270.49505615234	270.49505615234	270.49505615234	270.49505615234	270.49505615234	270.49505615234	270.49505615234	270.49505615234
1468	270.50405883789	270.50405883789	270.50405883789	270.50405883789	270.50405883789	270.50405883789	270.50405883789	270.50405883789	270.50405883789
1469	270.51306152344	270.51306152344	270.51306152344	270.51306152344	270.51306152344	270.51306152344	270.51306152344	270.51306152344	270.51306152344
1470	270.52304077148	270.52304077148	270.52304077148	270.52304077148	270.52304077148	270.52304077148	270.52304077148	270.52304077148	270.52304077148
1471	270.53305053711	270.53305053711	270.53305053711	270.53305053711	270.53305053711	270.53305053711	270.53305053711	270.53305053711	270.53305053711
1472	270.54306030273	270.54306030273	270.54306030273	270.54306030273	270.54306030273	270.54306030273	270.54306030273	270.54306030273	270.54306030273
1473	270.55404663086	270.55404663086	270.55404663086	270.55404663086	270.55404663086	270.55404663086	270.55404663086	270.55404663086	270.55404663086
1474	270.56405639648	270.56405639648	270.56405639648	270.56405639648	270.56405639648	270.56405639648	270.56405639648	270.56405639648	270.56405639648
1475	270.57604980469	270.57604980469	270.57604980469	270.57604980469	270.57604980469	270.57604980469	270.57604980469	270.57604980469	270.57604980469
1476	270.58703613281	270.58703613281	270.58703613281	270.58703613281	270.58703613281	270.58703613281	270.58703613281	270.58703613281	270.58703613281
1477	270.59906005859	270.59906005859	270.59906005859	270.59906005859	270.59906005859	270.59906005859	270.59906005859	270.59906005859	270.59906005859
1478	270.61105346680	270.61105346680	270.61105346680	270.61105346680	270.61105346680	270.61105346680	270.61105346680	270.61105346680	270.61105346680
1479	270.62405395508	270.62405395508	270.62405395508	270.62405395508	270.62405395508	270.62405395508	270.62405395508	270.62405395508	270.62405395508
1480	270.63604736328	270.63604736328	270.63604736328	270.63604736328	270.63604736328	270.63604736328	270.63604736328	270.63604736328	270.63604736328
1481	270.65005493164	270.65005493164	270.65005493164	270.65005493164	270.65005493164	270.65005493164	270.65005493164	270.65005493164	270.65005493164
1482	270.66305541992	270.66305541992	270.66305541992	270.66305541992	270.66305541992	270.66305541992	270.66305541992	270.66305541992	270.66305541992
1483	270.67706298828	270.67706298828	270.67706298828	270.67706298828	270.67706298828	270.67706298828	270.67706298828	270.67706298828	270.67706298828
1484	270.69204711914	270.69204711914	270.69204711914	270.69204711914	270.69204711914	270.69204711914	270.69204711914	270.69204711914	270.69204711914
1485	270.70706176758	270.70706176758	270.70706176758	270.70706176758	270.70706176758	270.70706176758	270.70706176758	270.70706176758	270.70706176758
1486	270.72204589844	270.72204589844	270.72204589844	270.72204589844	270.72204589844	270.72204589844	270.72204589844	270.72204589844	270.72204589844
1487	270.73803710938	270.73803710938	270.73803710938	270.73803710938	270.73803710938	270.73803710938	270.73803710938	270.73803710938	270.73803710938
1488	270.75405883789	270.75405883789	270.75405883789	270.75405883789	270.75405883789	270.75405883789	270.75405883789	270.75405883789	270.75405883789
1489	270.77105712891	270.77105712891	270.77105712891	270.77105712891	270.77105712891	270.77105712891	270.77105712891	270.77105712891	270.77105712891
1490	270.78906250000	270.78906250000	270.78906250000	270.78906250000	270.78906250000	270.78906250000	270.78906250000	270.78906250000	270.78906250000
1491	270.80804443359	270.80804443359	270.80804443359	270.80804443359	270.80804443359	270.80804443359	270.80804443359	270.80804443359	270.80804443359
1492	270.82806396484	270.82806396484	270.82806396484	270.82806396484	270.82806396484	270.82806396484	270.82806396484	270.82806396484	270.82806396484
1493	270.84805297852	270.84805297852	270.84805297852	270.84805297852	270.84805297852	270.84805297852	270.84805297852	270.84805297852	270.84805297852
1494	270.86904907227	270.86904907227	270.86904907227	270.86904907227	270.86904907227	270.86904907227	270.86904907227	270.86904907227	270.86904907227
1495	270.89004516602	270.89004516602	270.89004516602	270.89004516602	270.89004516602	270.89004516602	270.89004516602	270.89004516602	270.89004516602
1496	270.91104125977	270.91104125977	270.91104125977	270.91104125977	270.91104125977	270.91104125977	270.91104125977	270.91104125977	270.91104125977
1497	270.93203735352	270.93203735352	270.93203735352	270.93203735352	270.93203735352	270.93203735352	270.93203735352	270.93203735352	270.93203735352
1498	270.95306396484	270.95306396484	270.95306396484	270.95306396484	270.95306396484	270.95306396484	270.95306396484	270.95306396484	270.95306396484
1499	270.97503662109	270.97503662109	270.97503662109	270.97503662109	270.97503662109	270.97503662109	270.97503662109	270.97503662109	270.97503662109
1500	270.99606323242	270.99606323242	270.99606323242	270.99606323242	270.99606323242	270.99606323242	270.99606323242	270.99606323242	270.99606323242
1501	271.01803588867	271.01803588867	271.01803588867	271.01803588867	271.01803588867	271.01803588867	271.01803588867	271.01803588867	271.01803588867
1502	271.03906250000	271.03906250000	271.03906250000	271.03906250000	271.03906250000	271.03906250000	271.03906250000	271.03906250000	271.03906250000
1503	271.05905151367	271.05905151367	271.05905151367	271.05905151367	271.05905151367	271.05905151367	271.05905151367	271.05905151367	271.05905151367
1504	271.08004760742	271.08004760742	271.08004760742	271.08004760742	271.08004760742	271.08004760742	271.08004760742	271.08004760742	271.08004760742
1505	271.09906005859	271.09906005859	271.09906005859	271.09906005859	271.09906005859	271.09906005859	271.09906005859	271.09906005859	271.09906005859
1506	271.11904907227	271.11904907227	271.11904907227	271.11904907227	271.11904907227	271.11904907227	271.11904907227	271.11904907227	271.11904907227
1507	271.13806152344	271.13806152344	271.13806152344	271.13806152344	271.13806152344	271.13806152344	271.13806152344	271.13806152344	271.13806152344
1508	271.15603637695	271.15603637695	271.15603637695	271.15603637695	271.15603637695	271.15603637695	271.15603637695	271.15603637695	271.15603637695
1509	271.17303466797	271.17303466797	271.17303466797	271.17303466797	271.17303466797	271.17303466797	271.17303466797	271.17303466797	271.17303466797
1510	271.19006347656	271.19006347656	271.19006347656	271.19006347656	271.19006347656	271.19006347656	271.19006347656	271.19006347656	271.19006347656
1511	271.20706176758	271.20706176758	271.20706176758	271.20706176758	271.20706176758	271.20706176758	271.20706176758	271.20706176758	271.20706176758
1512	271.22305297852	271.22305297852	271.22305297852	271.22305297852	271.22305297852	271.22305297852	271.22305297852	271.22305297852	271.22305297852
1513	271.23803710938	271.23803710938	271.23803710938	271.23803710938	271.23803710938	271.23803710938	271.23803710938	271.23803710938	271.23803710938
1514	271.25305175781	271.25305175781	271.25305175781	271.25305175781	271.25305175781	271.25305175781	271.25305175781	271.25305175781	271.25305175781
1515	271.26705932617	271.26705932617	271.26705932617	271.26705932617	271.26705932617	271.26705932617	271.26705932617	271.26705932617	271.26705932617
1516	271.28103637695	271.28103637695	271.28103637695	271.28103637695	271.28103637695	271.28103637695	271.28103637695	271.28103637695	271.28103637695
1517	271.29403686523	271.29403686523	271.29403686523	271.29403686523	271.29403686523	271.29403686523	271.29403686523	271.29403686523	271.29403686523
1518	271.30804443359	271.30804443359	271.30804443359	271.30804443359	271.30804443359	271.30804443359	271.30804443359	271.30804443359	271.30804443359
1519	271.32003784180	271.32003784180	271.32003784180	271.32003784180	271.32003784180	271.32003784180	271.32003784180	271.32003784180	271.32003784180
1520	271.33303833008	271.33303833008	271.33303833008	271.33303833008	271.33303833008	271.33303833008	271.33303833008	271.33303833008	271.33303833008
1521	271.34506225586	271.34506225586	271.34506225586	271.34506225586	271.34506225586	271.34506225586	271.34506225586	271.34506225586	271.34506225586
1522	271.35705566406	271.35705566406	271.35705566406	271.35705566406	271.35705566406	271.35705566406	271.35705566406	271.35705566406	271.35705566406
1523	271.36703491211	271.36703491211	271.36703491211	271.36703491211	271.36703491211	271.36703491211	271.36703491211	271.36703491211	271.36703491211
1524	271.37805175781	271.37805175781	271.37805175781	271.37805175781	271.37805175781	271.37805175781	271.37805175781	271.37805175781	271.37805175781
1525	271.38806152344	271.38806152344	271.38806152344	271.38806152344	271.38806152344	271.38806152344	271.38806152344	271.38806152344	271.38806152344
1526	271.39706420898	271.39706420898	271.39706420898	271.39706420898	271.39706420898	271.39706420898	271.39706420898	271.39706420898	271.39706420898
1527	271.40704345703	271.40704345703	271.40704345703	271.40704345703	271.40704345703	271.40704345703	271.40704345703	271.40704345703	271.40704345703
1528	271.41604614258	271.41604614258	271.41604614258	271.41604614258	271.41604614258	271.41604614258	271.41604614258	271.41604614258	271.41604614258
1529	271.42504882813	271.42504882813	271.42504882813	271.42504882813	271.42504882813	271.42504882813	271.42504882813	271.42504882813	271.42504882813
1530	271.43304443359	271.43304443359	271.43304443359	271.43304443359	271.43304443359	271.43304443359	271.43304443359	271.43304443359	271.43304443359
1531	271.44104003906	271.44104003906	271.44104003906	271.44104003906	271.44104003906	271.44104003906	271.44104003906	271.44104003906	271.44104003906
1532	271.44903564453	271.44903564453	271.44903564453	271.44903564453	271.44903564453	271.44903564453	271.44903564453	271.44903564453	271.44903564453
1533	271.45706176758	271.45706176758	271.45706176758	271.45706176758	271.45706176758	271.45706176758	271.45706176758	271.45706176758	271.45706176758
1534	271.46505737305	271.46505737305	271.46505737305	271.46505737305	271.46505737305	271.46505737305	271.46505737305	271.46505737305	271.46505737305
1535	271.47204589844	271.47204589844	271.47204589844	271.47204589844	271.47204589844	271.47204589844	271.47204589844	271.47204589844	271.47204589844
1536	271.47906494141	271.47906494141	271.47906494141	271.47906494141	271.47906494141	271.47906494141	271.47906494141	271.47906494141	271.47906494141
1537	271.48605346680	271.48605346680	271.48605346680	271.48605346680	271.48605346680	271.48605346680	271.48605346680	271.48605346680	271.48605346680
1538	271.49404907227	271.49404907227	271.49404907227	271.49404907227	271.49404907227	271.49404907227	271.49404907227	271.49404907227	271.49404907227
1539	271.50204467773	271.50204467773	271.50204467773	271.50204467773	271.50204467773	271.50204467773	271.50204467773	271.50204467773	271.50204467773
1540	271.50906372070	271.50906372070	271.50906372070	271.50906372070	271.50906372070	271.50906372070	271.50906372070	271.50906372070	271.50906372070
1541	271.51605224609	271.51605224609	271.51605224609	271.51605224609	271.51605224609	271.51605224609	271.51605224609	271.51605224609	271.51605224609
1542	271.52304077148	271.52304077148	271.52304077148	271.52304077148	271.52304077148	271.52304077148	271.52304077148	271.52304077148	271.52304077148
1543	271.53103637695	271.53103637695	271.53103637695	271.53103637695	271.53103637695	271.53103637695	271.53103637695	271.53103637695	271.53103637695
1544	271.53906250000	271.53906250000	271.53906250000	271.53906250000	271.53906250000	271.53906250000	271.53906250000	271.53906250000	271.53906250000
1545	271.54605102539	271.54605102539	271.54605102539	271.54605102539	271.54605102539	271.54605102539	271.54605102539	271.54605102539	271.54605102539
1546	271.55404663086	271.55404663086	271.55404663086	271.55404663086	271.55404663086	271.55404663086	271.55404663086	271.55404663086	271.55404663086
1547	271.56103515625	271.56103515625	271.56103515625	271.56103515625	271.56103515625	271.56103515625	271.56103515625	271.56103515625	271.56103515625
1548	271.56704711914	271.56704711914	271.56704711914	271.56704711914	271.56704711914	271.56704711914	271.56704711914	271.56704711914	271.56704711914
1549	271.57205200195	271.57205200195	271.57205200195	271.57205200195	271.57205200195	271.57205200195	271.57205200195	271.57205200195	271.57205200195
1550	271.57806396484	271.57806396484	271.57806396484	271.57806396484	271.57806396484	271.57806396484	271.57806396484	271.57806396484	271.57806396484
1551	271.58303833008	271.58303833008	271.58303833008	271.58303833008	271.58303833008	271.58303833008	271.58303833008	271.58303833008	271.58303833008
1552	271.58804321289	271.58804321289	271.58804321289	271.58804321289	271.58804321289	271.58804321289	271.58804321289	271.58804321289	271.58804321289
1553	271.59304809570	271.59304809570	271.59304809570	271.59304809570	271.59304809570	271.59304809570	271.59304809570	271.59304809570	271.59304809570
1554	271.59704589844	271.59704589844	271.59704589844	271.59704589844	271.59704589844	271.59704589844	271.59704589844	271.59704589844	271.59704589844
1555	271.60205078125	271.60205078125	271.60205078125	271.60205078125	271.60205078125	271.60205078125	271.60205078125	271.60205078125	271.60205078125
1556	271.60604858398	271.60604858398	271.60604858398	271.60604858398	271.60604858398	271.60604858398	271.60604858398	271.60604858398	271.60604858398
1557	271.60903930664	271.60903930664	271.60903930664	271.60903930664	271.60903930664	271.60903930664	271.60903930664	271.60903930664	271.60903930664
1558	271.61303710938	271.61303710938	271.61303710938	271.61303710938	271.61303710938	271.61303710938	271.61303710938	271.61303710938	271.61303710938
1559	271.61605834961	271.61605834961	271.61605834961	271.61605834961	271.61605834961	271.61605834961	271.61605834961	271.61605834961	271.61605834961
1560	271.61904907227	271.61904907227	271.61904907227	271.61904907227	271.61904907227	271.61904907227	271.61904907227	271.61904907227	271.61904907227
1561	271.62106323242	271.62106323242	271.62106323242	271.62106323242	271.62106323242	271.62106323242	271.62106323242	271.62106323242	271.62106323242
1562	271.62405395508	271.62405395508	271.62405395508	271.62405395508	271.62405395508	271.62405395508	271.62405395508	271.62405395508	271.62405395508
1563	271.62506103516	271.62506103516	271.62506103516	271.62506103516	271.62506103516	271.62506103516	271.62506103516	271.62506103516	271.62506103516
1564	271.62704467773	271.62704467773	271.62704467773	271.62704467773	271.62704467773	271.62704467773	271.62704467773	271.62704467773	271.62704467773
1565	271.62805175781	271.62805175781	271.62805175781	271.62805175781	271.62805175781	271.62805175781	271.62805175781	271.62805175781	271.62805175781
1566	271.62805175781	271.62805175781	271.62805175781	271.62805175781	271.62805175781	271.62805175781	271.62805175781	271.62805175781	271.62805175781
1567	271.62805175781	271.62805175781	271.62805175781	271.62805175781	271.62805175781	271.62805175781	271.62805175781	271.62805175781	271.62805175781
1568	271.62805175781	271.62805175781	271.62805175781	271.62805175781	271.62805175781	271.62805175781	271.62805175781	271.62805175781	271.62805175781
1569	271.62704467773	271.62704467773	271.62704467773	271.62704467773	271.62704467773	271.62704467773	271.62704467773	271.62704467773	271.62704467773
1570	271.62603759766	271.62603759766	271.62603759766	271.62603759766	271.62603759766	271.62603759766	271.62603759766	271.62603759766	271.62603759766
1571	271.62304687500	271.62304687500	271.62304687500	271.62304687500	271.62304687500	271.62304687500	271.62304687500	271.62304687500	271.62304687500
1572	271.61804199219	271.61804199219	271.61804199219	271.61804199219	271.61804199219	271.61804199219	271.61804199219	271.61804199219	271.61804199219
1573	271.61303710938	271.61303710938	271.61303710938	271.61303710938	271.61303710938	271.61303710938	271.61303710938	271.61303710938	271.61303710938
1574	271.60604858398	271.60604858398	271.60604858398	271.60604858398	271.60604858398	271.60604858398	271.60604858398	271.60604858398	271.60604858398
1575	271.59805297852	271.59805297852	271.59805297852	271.59805297852	271.59805297852	271.59805297852	271.59805297852	271.59805297852	271.59805297852
1576	271.59005737305	271.59005737305	271.59005737305	271.59005737305	271.59005737305	271.59005737305	271.59005737305	271.59005737305	271.59005737305
1577	271.58206176758	271.58206176758	271.58206176758	271.58206176758	271.58206176758	271.58206176758	271.58206176758	271.58206176758	271.58206176758
1578	271.57403564453	271.57403564453	271.57403564453	271.57403564453	271.57403564453	271.57403564453	271.57403564453	271.57403564453	271.57403564453
1579	271.56506347656	271.56506347656	271.56506347656	271.56506347656	271.56506347656	271.56506347656	271.56506347656	271.56506347656	271.56506347656
1580	271.55703735352	271.55703735352	271.55703735352	271.55703735352	271.55703735352	271.55703735352	271.55703735352	271.55703735352	271.55703735352
1581	271.54806518555	271.54806518555	271.54806518555	271.54806518555	271.54806518555	271.54806518555	271.54806518555	271.54806518555	271.54806518555
1582	271.53805541992	271.53805541992	271.53805541992	271.53805541992	271.53805541992	271.53805541992	271.53805541992	271.53805541992	271.53805541992
1583	271.52905273438	271.52905273438	271.52905273438	271.52905273438	271.52905273438	271.52905273438	271.52905273438	271.52905273438	271.52905273438
1584	271.52105712891	271.52105712891	271.52105712891	271.52105712891	271.52105712891	271.52105712891	271.52105712891	271.52105712891	271.52105712891
1585	271.51403808594	271.51403808594	271.51403808594	271.51403808594	271.51403808594	271.51403808594	271.51403808594	271.51403808594	271.51403808594
1586	271.50805664063	271.50805664063	271.50805664063	271.50805664063	271.50805664063	271.50805664063	271.50805664063	271.50805664063	271.50805664063
1587	271.50006103516	271.50006103516	271.50006103516	271.50006103516	271.50006103516	271.50006103516	271.50006103516	271.50006103516	271.50006103516
1588	271.49304199219	271.49304199219	271.49304199219	271.49304199219	271.49304199219	271.49304199219	271.49304199219	271.49304199219	271.49304199219
1589	271.48904418945	271.48904418945	271.48904418945	271.48904418945	271.48904418945	271.48904418945	271.48904418945	271.48904418945	271.48904418945
1590	271.48403930664	271.48403930664	271.48403930664	271.48403930664	271.48403930664	271.48403930664	271.48403930664	271.48403930664	271.48403930664
1591	271.47805786133	271.47805786133	271.47805786133	271.47805786133	271.47805786133	271.47805786133	271.47805786133	271.47805786133	271.47805786133
1592	271.47805786133	271.47805786133	271.47805786133	271.47805786133	271.47805786133	271.47805786133	271.47805786133	271.47805786133	271.47805786133
1593	271.47406005859	271.47406005859	271.47406005859	271.47406005859	271.47406005859	271.47406005859	271.47406005859	271.47406005859	271.47406005859
1594	271.47406005859	271.47406005859	271.47406005859	271.47406005859	271.47406005859	271.47406005859	271.47406005859	271.47406005859	271.47406005859
1595	271.47305297852	271.47305297852	271.47305297852	271.47305297852	271.47305297852	271.47305297852	271.47305297852	271.47305297852	271.47305297852
1596	271.47204589844	271.47204589844	271.47204589844	271.47204589844	271.47204589844	271.47204589844	271.47204589844	271.47204589844	271.47204589844
1597	271.47305297852	271.47305297852	271.47305297852	271.47305297852	271.47305297852	271.47305297852	271.47305297852	271.47305297852	271.47305297852
1598	271.47204589844	271.47204589844	271.47204589844	271.47204589844	271.47204589844	271.47204589844	271.47204589844	271.47204589844	271.47204589844
1599	271.47305297852	271.47305297852	271.47305297852	271.47305297852	271.47305297852	271.47305297852	271.47305297852	271.47305297852	271.47305297852
1600	271.46304321289	271.46304321289	271.46304321289	271.46304321289	271.46304321289	271.46304321289	271.46304321289	271.46304321289	271.46304321289
1601	271.46203613281	271.46203613281	271.46203613281	271.46203613281	271.46203613281	271.46203613281	271.46203613281	271.46203613281	271.46203613281
1602	271.46304321289	271.46304321289	271.46304321289	271.46304321289	271.46304321289	271.46304321289	271.46304321289	271.46304321289	271.46304321289
1603	271.46203613281	271.46203613281	271.46203613281	271.46203613281	271.46203613281	271.46203613281	271.46203613281	271.46203613281	271.46203613281
1604	271.45803833008	271.45803833008	271.45803833008	271.45803833008	271.45803833008	271.45803833008	271.45803833008	271.45803833008	271.45803833008
1605	271.46505737305	271.46505737305	271.46505737305	271.46505737305	271.46505737305	271.46505737305	271.46505737305	271.46505737305	271.46505737305
1606	271.46905517578	271.46905517578	271.46905517578	271.46905517578	271.46905517578	271.46905517578	271.46905517578	271.46905517578	271.46905517578
1607	271.46905517578	271.46905517578	271.46905517578	271.46905517578	271.46905517578	271.46905517578	271.46905517578	271.46905517578	271.46905517578
1608	271.47006225586	271.47006225586	271.47006225586	271.47006225586	271.47006225586	271.47006225586	271.47006225586	271.47006225586	271.47006225586
1609	271.46704101563	271.46704101563	271.46704101563	271.46704101563	271.46704101563	271.46704101563	271.46704101563	271.46704101563	271.46704101563
1610	271.46405029297	271.46405029297	271.46405029297	271.46405029297	271.46405029297	271.46405029297	271.46405029297	271.46405029297	271.46405029297
1611	271.47705078125	271.47705078125	271.47705078125	271.47705078125	271.47705078125	271.47705078125	271.47705078125	271.47705078125	271.47705078125
1612	271.47406005859	271.47406005859	271.47406005859	271.47406005859	271.47406005859	271.47406005859	271.47406005859	271.47406005859	271.47406005859
1613	271.47503662109	271.47503662109	271.47503662109	271.47503662109	271.47503662109	271.47503662109	271.47503662109	271.47503662109	271.47503662109
1614	271.47805786133	271.47805786133	271.47805786133	271.47805786133	271.47805786133	271.47805786133	271.47805786133	271.47805786133	271.47805786133
1615	271.48306274414	271.48306274414	271.48306274414	271.48306274414	271.48306274414	271.48306274414	271.48306274414	271.48306274414	271.48306274414
1616	271.48104858398	271.48104858398	271.48104858398	271.48104858398	271.48104858398	271.48104858398	271.48104858398	271.48104858398	271.48104858398
1617	271.48706054688	271.48706054688	271.48706054688	271.48706054688	271.48706054688	271.48706054688	271.48706054688	271.48706054688	271.48706054688
1618	271.49005126953	271.49005126953	271.49005126953	271.49005126953	271.49005126953	271.49005126953	271.49005126953	271.49005126953	271.49005126953
1619	271.49404907227	271.49404907227	271.49404907227	271.49404907227	271.49404907227	271.49404907227	271.49404907227	271.49404907227	271.49404907227
1620	271.49804687500	271.49804687500	271.49804687500	271.49804687500	271.49804687500	271.49804687500	271.49804687500	271.49804687500	271.49804687500
1621	271.50405883789	271.50405883789	271.50405883789	271.50405883789	271.50405883789	271.50405883789	271.50405883789	271.50405883789	271.50405883789
1622	271.48803710938	271.48803710938	271.48803710938	271.48803710938	271.48803710938	271.48803710938	271.48803710938	271.48803710938	271.48803710938
1623	271.45004272461	271.45004272461	271.45004272461	271.45004272461	271.45004272461	271.45004272461	271.45004272461	271.45004272461	271.45004272461
1624	271.43603515625	271.43603515625	271.43603515625	271.43603515625	271.43603515625	271.43603515625	271.43603515625	271.43603515625	271.43603515625
1625	271.39105224609	271.39105224609	271.39105224609	271.39105224609	271.39105224609	271.39105224609	271.39105224609	271.39105224609	271.39105224609
1626	271.35205078125	271.35205078125	271.35205078125	271.35205078125	271.35205078125	271.35205078125	271.35205078125	271.35205078125	271.35205078125
1627	271.32305908203	271.32305908203	271.32305908203	271.32305908203	271.32305908203	271.32305908203	271.32305908203	271.32305908203	271.32305908203
1628	271.25704956055	271.25704956055	271.25704956055	271.25704956055	271.25704956055	271.25704956055	271.25704956055	271.25704956055	271.25704956055
1629	271.22406005859	271.22406005859	271.22406005859	271.22406005859	271.22406005859	271.22406005859	271.22406005859	271.22406005859	271.22406005859
1630	271.18905639648	271.18905639648	271.18905639648	271.18905639648	271.18905639648	271.18905639648	271.18905639648	271.18905639648	271.18905639648
1631	271.14105224609	271.14105224609	271.14105224609	271.14105224609	271.14105224609	271.14105224609	271.14105224609	271.14105224609	271.14105224609
1632	271.10705566406	271.10705566406	271.10705566406	271.10705566406	271.10705566406	271.10705566406	271.10705566406	271.10705566406	271.10705566406
1633	271.03906250000	271.03906250000	271.03906250000	271.03906250000	271.03906250000	271.03906250000	271.03906250000	271.03906250000	271.03906250000
1634	271.02404785156	271.02404785156	271.02404785156	271.02404785156	271.02404785156	271.02404785156	271.02404785156	271.02404785156	271.02404785156
1635	270.99404907227	270.99404907227	270.99404907227	270.99404907227	270.99404907227	270.99404907227	270.99404907227	270.99404907227	270.99404907227
1636	270.94705200195	270.94705200195	270.94705200195	270.94705200195	270.94705200195	270.94705200195	270.94705200195	270.94705200195	270.94705200195
1637	270.88006591797	270.88006591797	270.88006591797	270.88006591797	270.88006591797	270.88006591797	270.88006591797	270.88006591797	270.88006591797
1638	270.84506225586	270.84506225586	270.84506225586	270.84506225586	270.84506225586	270.84506225586	270.84506225586	270.84506225586	270.84506225586
1639	270.81906127930	270.81906127930	270.81906127930	270.81906127930	270.81906127930	270.81906127930	270.81906127930	270.81906127930	270.81906127930
1640	270.82205200195	270.82205200195	270.82205200195	270.82205200195	270.82205200195	270.82205200195	270.82205200195	270.82205200195	270.82205200195
1641	270.82705688477	270.82705688477	270.82705688477	270.82705688477	270.82705688477	270.82705688477	270.82705688477	270.82705688477	270.82705688477
1642	270.83105468750	270.83105468750	270.83105468750	270.83105468750	270.83105468750	270.83105468750	270.83105468750	270.83105468750	270.83105468750
1643	270.83505249023	270.83505249023	270.83505249023	270.83505249023	270.83505249023	270.83505249023	270.83505249023	270.83505249023	270.83505249023
1644	270.83206176758	270.83206176758	270.83206176758	270.83206176758	270.83206176758	270.83206176758	270.83206176758	270.83206176758	270.83206176758
1645	270.83303833008	270.83303833008	270.83303833008	270.83303833008	270.83303833008	270.83303833008	270.83303833008	270.83303833008	270.83303833008
1646	270.84204101563	270.84204101563	270.84204101563	270.84204101563	270.84204101563	270.84204101563	270.84204101563	270.84204101563	270.84204101563
1647	270.83703613281	270.83703613281	270.83703613281	270.83703613281	270.83703613281	270.83703613281	270.83703613281	270.83703613281	270.83703613281
1648	270.82604980469	270.82604980469	270.82604980469	270.82604980469	270.82604980469	270.82604980469	270.82604980469	270.82604980469	270.82604980469
1649	270.83605957031	270.83605957031	270.83605957031	270.83605957031	270.83605957031	270.83605957031	270.83605957031	270.83605957031	270.83605957031
1650	270.84204101563	270.84204101563	270.84204101563	270.84204101563	270.84204101563	270.84204101563	270.84204101563	270.84204101563	270.84204101563
1651	270.85003662109	270.85003662109	270.85003662109	270.85003662109	270.85003662109	270.85003662109	270.85003662109	270.85003662109	270.85003662109
1652	270.86404418945	270.86404418945	270.86404418945	270.86404418945	270.86404418945	270.86404418945	270.86404418945	270.86404418945	270.86404418945
1653	270.87704467773	270.87704467773	270.87704467773	270.87704467773	270.87704467773	270.87704467773	270.87704467773	270.87704467773	270.87704467773
1654	270.89904785156	270.89904785156	270.89904785156	270.89904785156	270.89904785156	270.89904785156	270.89904785156	270.89904785156	270.89904785156
1655	270.91503906250	270.91503906250	270.91503906250	270.91503906250	270.91503906250	270.91503906250	270.91503906250	270.91503906250	270.91503906250
1656	270.92605590820	270.92605590820	270.92605590820	270.92605590820	270.92605590820	270.92605590820	270.92605590820	270.92605590820	270.92605590820
1657	270.94305419922	270.94305419922	270.94305419922	270.94305419922	270.94305419922	270.94305419922	270.94305419922	270.94305419922	270.94305419922
1658	270.96304321289	270.96304321289	270.96304321289	270.96304321289	270.96304321289	270.96304321289	270.96304321289	270.96304321289	270.96304321289
1659	270.98205566406	270.98205566406	270.98205566406	270.98205566406	270.98205566406	270.98205566406	270.98205566406	270.98205566406	270.98205566406
1660	271.00204467773	271.00204467773	271.00204467773	271.00204467773	271.00204467773	271.00204467773	271.00204467773	271.00204467773	271.00204467773
1661	271.02304077148	271.02304077148	271.02304077148	271.02304077148	271.02304077148	271.02304077148	271.02304077148	271.02304077148	271.02304077148
1662	271.04205322266	271.04205322266	271.04205322266	271.04205322266	271.04205322266	271.04205322266	271.04205322266	271.04205322266	271.04205322266
1663	271.06604003906	271.06604003906	271.06604003906	271.06604003906	271.06604003906	271.06604003906	271.06604003906	271.06604003906	271.06604003906
1664	271.09106445313	271.09106445313	271.09106445313	271.09106445313	271.09106445313	271.09106445313	271.09106445313	271.09106445313	271.09106445313
1665	271.11303710938	271.11303710938	271.11303710938	271.11303710938	271.11303710938	271.11303710938	271.11303710938	271.11303710938	271.11303710938
1666	271.13705444336	271.13705444336	271.13705444336	271.13705444336	271.13705444336	271.13705444336	271.13705444336	271.13705444336	271.13705444336
1667	271.15704345703	271.15704345703	271.15704345703	271.15704345703	271.15704345703	271.15704345703	271.15704345703	271.15704345703	271.15704345703
1668	271.18405151367	271.18405151367	271.18405151367	271.18405151367	271.18405151367	271.18405151367	271.18405151367	271.18405151367	271.18405151367
1669	271.20706176758	271.20706176758	271.20706176758	271.20706176758	271.20706176758	271.20706176758	271.20706176758	271.20706176758	271.20706176758
1670	271.23306274414	271.23306274414	271.23306274414	271.23306274414	271.23306274414	271.23306274414	271.23306274414	271.23306274414	271.23306274414
1671	271.25805664063	271.25805664063	271.25805664063	271.25805664063	271.25805664063	271.25805664063	271.25805664063	271.25805664063	271.25805664063
1672	271.28805541992	271.28805541992	271.28805541992	271.28805541992	271.28805541992	271.28805541992	271.28805541992	271.28805541992	271.28805541992
1673	271.31604003906	271.31604003906	271.31604003906	271.31604003906	271.31604003906	271.31604003906	271.31604003906	271.31604003906	271.31604003906
1674	271.34906005859	271.34906005859	271.34906005859	271.34906005859	271.34906005859	271.34906005859	271.34906005859	271.34906005859	271.34906005859
1675	271.38406372070	271.38406372070	271.38406372070	271.38406372070	271.38406372070	271.38406372070	271.38406372070	271.38406372070	271.38406372070
1676	271.41406250000	271.41406250000	271.41406250000	271.41406250000	271.41406250000	271.41406250000	271.41406250000	271.41406250000	271.41406250000
1677	271.46203613281	271.46203613281	271.46203613281	271.46203613281	271.46203613281	271.46203613281	271.46203613281	271.46203613281	271.46203613281
1678	271.48605346680	271.48605346680	271.48605346680	271.48605346680	271.48605346680	271.48605346680	271.48605346680	271.48605346680	271.48605346680
1679	271.51904296875	271.51904296875	271.51904296875	271.51904296875	271.51904296875	271.51904296875	271.51904296875	271.51904296875	271.51904296875
1680	271.55606079102	271.55606079102	271.55606079102	271.55606079102	271.55606079102	271.55606079102	271.55606079102	271.55606079102	271.55606079102
1681	271.61105346680	271.61105346680	271.61105346680	271.61105346680	271.61105346680	271.61105346680	271.61105346680	271.61105346680	271.61105346680
1682	271.64505004883	271.64505004883	271.64505004883	271.64505004883	271.64505004883	271.64505004883	271.64505004883	271.64505004883	271.64505004883
1683	271.67803955078	271.67803955078	271.67803955078	271.67803955078	271.67803955078	271.67803955078	271.67803955078	271.67803955078	271.67803955078
1684	271.71505737305	271.71505737305	271.71505737305	271.71505737305	271.71505737305	271.71505737305	271.71505737305	271.71505737305	271.71505737305
1685	271.75006103516	271.75006103516	271.75006103516	271.75006103516	271.75006103516	271.75006103516	271.75006103516	271.75006103516	271.75006103516
1686	271.77804565430	271.77804565430	271.77804565430	271.77804565430	271.77804565430	271.77804565430	271.77804565430	271.77804565430	271.77804565430
1687	271.80703735352	271.80703735352	271.80703735352	271.80703735352	271.80703735352	271.80703735352	271.80703735352	271.80703735352	271.80703735352
1688	271.84005737305	271.84005737305	271.84005737305	271.84005737305	271.84005737305	271.84005737305	271.84005737305	271.84005737305	271.84005737305
1689	271.87203979492	271.87203979492	271.87203979492	271.87203979492	271.87203979492	271.87203979492	271.87203979492	271.87203979492	271.87203979492
1690	271.90203857422	271.90203857422	271.90203857422	271.90203857422	271.90203857422	271.90203857422	271.90203857422	271.90203857422	271.90203857422
1691	271.93405151367	271.93405151367	271.93405151367	271.93405151367	271.93405151367	271.93405151367	271.93405151367	271.93405151367	271.93405151367
1692	271.96905517578	271.96905517578	271.96905517578	271.96905517578	271.96905517578	271.96905517578	271.96905517578	271.96905517578	271.96905517578
1693	271.99804687500	271.99804687500	271.99804687500	271.99804687500	271.99804687500	271.99804687500	271.99804687500	271.99804687500	271.99804687500
1694	272.02905273438	272.02905273438	272.02905273438	272.02905273438	272.02905273438	272.02905273438	272.02905273438	272.02905273438	272.02905273438
1695	272.05303955078	272.05303955078	272.05303955078	272.05303955078	272.05303955078	272.05303955078	272.05303955078	272.05303955078	272.05303955078
1696	272.08505249023	272.08505249023	272.08505249023	272.08505249023	272.08505249023	272.08505249023	272.08505249023	272.08505249023	272.08505249023
1697	272.11404418945	272.11404418945	272.11404418945	272.11404418945	272.11404418945	272.11404418945	272.11404418945	272.11404418945	272.11404418945
1698	272.14804077148	272.14804077148	272.14804077148	272.14804077148	272.14804077148	272.14804077148	272.14804077148	272.14804077148	272.14804077148
1699	272.18005371094	272.18005371094	272.18005371094	272.18005371094	272.18005371094	272.18005371094	272.18005371094	272.18005371094	272.18005371094
1700	272.21203613281	272.21203613281	272.21203613281	272.21203613281	272.21203613281	272.21203613281	272.21203613281	272.21203613281	272.21203613281
1701	272.24304199219	272.24304199219	272.24304199219	272.24304199219	272.24304199219	272.24304199219	272.24304199219	272.24304199219	272.24304199219
1702	272.26605224609	272.26605224609	272.26605224609	272.26605224609	272.26605224609	272.26605224609	272.26605224609	272.26605224609	272.26605224609
1703	272.29803466797	272.29803466797	272.29803466797	272.29803466797	272.29803466797	272.29803466797	272.29803466797	272.29803466797	272.29803466797
1704	272.33105468750	272.33105468750	272.33105468750	272.33105468750	272.33105468750	272.33105468750	272.33105468750	272.33105468750	272.33105468750
1705	272.36505126953	272.36505126953	272.36505126953	272.36505126953	272.36505126953	272.36505126953	272.36505126953	272.36505126953	272.36505126953
1706	272.38705444336	272.38705444336	272.38705444336	272.38705444336	272.38705444336	272.38705444336	272.38705444336	272.38705444336	272.38705444336
1707	272.40805053711	272.40805053711	272.40805053711	272.40805053711	272.40805053711	272.40805053711	272.40805053711	272.40805053711	272.40805053711
1708	272.42803955078	272.42803955078	272.42803955078	272.42803955078	272.42803955078	272.42803955078	272.42803955078	272.42803955078	272.42803955078
1709	272.45904541016	272.45904541016	272.45904541016	272.45904541016	272.45904541016	272.45904541016	272.45904541016	272.45904541016	272.45904541016
1710	272.48904418945	272.48904418945	272.48904418945	272.48904418945	272.48904418945	272.48904418945	272.48904418945	272.48904418945	272.48904418945
1711	272.51306152344	272.51306152344	272.51306152344	272.51306152344	272.51306152344	272.51306152344	272.51306152344	272.51306152344	272.51306152344
1712	272.53906250000	272.53906250000	272.53906250000	272.53906250000	272.53906250000	272.53906250000	272.53906250000	272.53906250000	272.53906250000
1713	272.56704711914	272.56704711914	272.56704711914	272.56704711914	272.56704711914	272.56704711914	272.56704711914	272.56704711914	272.56704711914
1714	272.60003662109	272.60003662109	272.60003662109	272.60003662109	272.60003662109	272.60003662109	272.60003662109	272.60003662109	272.60003662109
1715	272.62905883789	272.62905883789	272.62905883789	272.62905883789	272.62905883789	272.62905883789	272.62905883789	272.62905883789	272.62905883789
1716	272.65905761719	272.65905761719	272.65905761719	272.65905761719	272.65905761719	272.65905761719	272.65905761719	272.65905761719	272.65905761719
1717	272.69503784180	272.69503784180	272.69503784180	272.69503784180	272.69503784180	272.69503784180	272.69503784180	272.69503784180	272.69503784180
1718	272.73205566406	272.73205566406	272.73205566406	272.73205566406	272.73205566406	272.73205566406	272.73205566406	272.73205566406	272.73205566406
1719	272.77804565430	272.77804565430	272.77804565430	272.77804565430	272.77804565430	272.77804565430	272.77804565430	272.77804565430	272.77804565430
1720	272.81506347656	272.81506347656	272.81506347656	272.81506347656	272.81506347656	272.81506347656	272.81506347656	272.81506347656	272.81506347656
1721	272.86303710938	272.86303710938	272.86303710938	272.86303710938	272.86303710938	272.86303710938	272.86303710938	272.86303710938	272.86303710938
1722	272.89904785156	272.89904785156	272.89904785156	272.89904785156	272.89904785156	272.89904785156	272.89904785156	272.89904785156	272.89904785156
1723	272.94903564453	272.94903564453	272.94903564453	272.94903564453	272.94903564453	272.94903564453	272.94903564453	272.94903564453	272.94903564453
1724	272.98306274414	272.98306274414	272.98306274414	272.98306274414	272.98306274414	272.98306274414	272.98306274414	272.98306274414	272.98306274414
1725	273.02905273438	273.02905273438	273.02905273438	273.02905273438	273.02905273438	273.02905273438	273.02905273438	273.02905273438	273.02905273438
1726	273.06604003906	273.06604003906	273.06604003906	273.06604003906	273.06604003906	273.06604003906	273.06604003906	273.06604003906	273.06604003906
1727	273.11004638672	273.11004638672	273.11004638672	273.11004638672	273.11004638672	273.11004638672	273.11004638672	273.11004638672	273.11004638672
1728	273.15005493164	273.15005493164	273.15005493164	273.15005493164	273.15005493164	273.15005493164	273.15005493164	273.15005493164	273.15005493164
1729	273.19305419922	273.19305419922	273.19305419922	273.19305419922	273.19305419922	273.19305419922	273.19305419922	273.19305419922	273.19305419922
1730	273.23803710938	273.23803710938	273.23803710938	273.23803710938	273.23803710938	273.23803710938	273.23803710938	273.23803710938	273.23803710938
1731	273.27905273438	273.27905273438	273.27905273438	273.27905273438	273.27905273438	273.27905273438	273.27905273438	273.27905273438	273.27905273438
1732	273.31506347656	273.31506347656	273.31506347656	273.31506347656	273.31506347656	273.31506347656	273.31506347656	273.31506347656	273.31506347656
1733	273.35104370117	273.35104370117	273.35104370117	273.35104370117	273.35104370117	273.35104370117	273.35104370117	273.35104370117	273.35104370117
1734	273.39105224609	273.39105224609	273.39105224609	273.39105224609	273.39105224609	273.39105224609	273.39105224609	273.39105224609	273.39105224609
1735	273.42504882813	273.42504882813	273.42504882813	273.42504882813	273.42504882813	273.42504882813	273.42504882813	273.42504882813	273.42504882813
1736	273.46005249023	273.46005249023	273.46005249023	273.46005249023	273.46005249023	273.46005249023	273.46005249023	273.46005249023	273.46005249023
1737	273.49404907227	273.49404907227	273.49404907227	273.49404907227	273.49404907227	273.49404907227	273.49404907227	273.49404907227	273.49404907227
1738	273.52703857422	273.52703857422	273.52703857422	273.52703857422	273.52703857422	273.52703857422	273.52703857422	273.52703857422	273.52703857422
1739	273.56604003906	273.56604003906	273.56604003906	273.56604003906	273.56604003906	273.56604003906	273.56604003906	273.56604003906	273.56604003906
1740	273.60205078125	273.60205078125	273.60205078125	273.60205078125	273.60205078125	273.60205078125	273.60205078125	273.60205078125	273.60205078125
1741	273.63406372070	273.63406372070	273.63406372070	273.63406372070	273.63406372070	273.63406372070	273.63406372070	273.63406372070	273.63406372070
1742	273.66705322266	273.66705322266	273.66705322266	273.66705322266	273.66705322266	273.66705322266	273.66705322266	273.66705322266	273.66705322266
1743	273.69503784180	273.69503784180	273.69503784180	273.69503784180	273.69503784180	273.69503784180	273.69503784180	273.69503784180	273.69503784180
1744	273.72705078125	273.72705078125	273.72705078125	273.72705078125	273.72705078125	273.72705078125	273.72705078125	273.72705078125	273.72705078125
1745	273.75405883789	273.75405883789	273.75405883789	273.75405883789	273.75405883789	273.75405883789	273.75405883789	273.75405883789	273.75405883789
1746	273.78503417969	273.78503417969	273.78503417969	273.78503417969	273.78503417969	273.78503417969	273.78503417969	273.78503417969	273.78503417969
1747	273.80206298828	273.80206298828	273.80206298828	273.80206298828	273.80206298828	273.80206298828	273.80206298828	273.80206298828	273.80206298828
1748	273.81704711914	273.81704711914	273.81704711914	273.81704711914	273.81704711914	273.81704711914	273.81704711914	273.81704711914	273.81704711914
1749	273.83303833008	273.83303833008	273.83303833008	273.83303833008	273.83303833008	273.83303833008	273.83303833008	273.83303833008	273.83303833008
1750	273.86505126953	273.86505126953	273.86505126953	273.86505126953	273.86505126953	273.86505126953	273.86505126953	273.86505126953	273.86505126953
1751	273.89404296875	273.89404296875	273.89404296875	273.89404296875	273.89404296875	273.89404296875	273.89404296875	273.89404296875	273.89404296875
1752	273.92706298828	273.92706298828	273.92706298828	273.92706298828	273.92706298828	273.92706298828	273.92706298828	273.92706298828	273.92706298828
1753	273.97305297852	273.97305297852	273.97305297852	273.97305297852	273.97305297852	273.97305297852	273.97305297852	273.97305297852	273.97305297852
1754	274.01605224609	274.01605224609	274.01605224609	274.01605224609	274.01605224609	274.01605224609	274.01605224609	274.01605224609	274.01605224609
1755	274.05105590820	274.05105590820	274.05105590820	274.05105590820	274.05105590820	274.05105590820	274.05105590820	274.05105590820	274.05105590820
1756	274.07904052734	274.07904052734	274.07904052734	274.07904052734	274.07904052734	274.07904052734	274.07904052734	274.07904052734	274.07904052734
1757	274.09603881836	274.09603881836	274.09603881836	274.09603881836	274.09603881836	274.09603881836	274.09603881836	274.09603881836	274.09603881836
1758	274.12905883789	274.12905883789	274.12905883789	274.12905883789	274.12905883789	274.12905883789	274.12905883789	274.12905883789	274.12905883789
1759	274.16503906250	274.16503906250	274.16503906250	274.16503906250	274.16503906250	274.16503906250	274.16503906250	274.16503906250	274.16503906250
1760	274.19305419922	274.19305419922	274.19305419922	274.19305419922	274.19305419922	274.19305419922	274.19305419922	274.19305419922	274.19305419922
1761	274.22204589844	274.22204589844	274.22204589844	274.22204589844	274.22204589844	274.22204589844	274.22204589844	274.22204589844	274.22204589844
1762	274.25006103516	274.25006103516	274.25006103516	274.25006103516	274.25006103516	274.25006103516	274.25006103516	274.25006103516	274.25006103516
1763	274.30206298828	274.30206298828	274.30206298828	274.30206298828	274.30206298828	274.30206298828	274.30206298828	274.30206298828	274.30206298828
1764	274.34005737305	274.34005737305	274.34005737305	274.34005737305	274.34005737305	274.34005737305	274.34005737305	274.34005737305	274.34005737305
1765	274.37203979492	274.37203979492	274.37203979492	274.37203979492	274.37203979492	274.37203979492	274.37203979492	274.37203979492	274.37203979492
1766	274.39205932617	274.39205932617	274.39205932617	274.39205932617	274.39205932617	274.39205932617	274.39205932617	274.39205932617	274.39205932617
1767	274.42605590820	274.42605590820	274.42605590820	274.42605590820	274.42605590820	274.42605590820	274.42605590820	274.42605590820	274.42605590820
1768	274.44705200195	274.44705200195	274.44705200195	274.44705200195	274.44705200195	274.44705200195	274.44705200195	274.44705200195	274.44705200195
1769	274.46804809570	274.46804809570	274.46804809570	274.46804809570	274.46804809570	274.46804809570	274.46804809570	274.46804809570	274.46804809570
1770	274.49505615234	274.49505615234	274.49505615234	274.49505615234	274.49505615234	274.49505615234	274.49505615234	274.49505615234	274.49505615234
1771	274.51306152344	274.51306152344	274.51306152344	274.51306152344	274.51306152344	274.51306152344	274.51306152344	274.51306152344	274.51306152344
1772	274.53103637695	274.53103637695	274.53103637695	274.53103637695	274.53103637695	274.53103637695	274.53103637695	274.53103637695	274.53103637695
1773	274.54705810547	274.54705810547	274.54705810547	274.54705810547	274.54705810547	274.54705810547	274.54705810547	274.54705810547	274.54705810547
1774	274.56506347656	274.56506347656	274.56506347656	274.56506347656	274.56506347656	274.56506347656	274.56506347656	274.56506347656	274.56506347656
1775	274.57904052734	274.57904052734	274.57904052734	274.57904052734	274.57904052734	274.57904052734	274.57904052734	274.57904052734	274.57904052734
1776	274.59405517578	274.59405517578	274.59405517578	274.59405517578	274.59405517578	274.59405517578	274.59405517578	274.59405517578	274.59405517578
1777	274.60604858398	274.60604858398	274.60604858398	274.60604858398	274.60604858398	274.60604858398	274.60604858398	274.60604858398	274.60604858398
1778	274.61804199219	274.61804199219	274.61804199219	274.61804199219	274.61804199219	274.61804199219	274.61804199219	274.61804199219	274.61804199219
1779	274.62905883789	274.62905883789	274.62905883789	274.62905883789	274.62905883789	274.62905883789	274.62905883789	274.62905883789	274.62905883789
1780	274.63903808594	274.63903808594	274.63903808594	274.63903808594	274.63903808594	274.63903808594	274.63903808594	274.63903808594	274.63903808594
1781	274.64706420898	274.64706420898	274.64706420898	274.64706420898	274.64706420898	274.64706420898	274.64706420898	274.64706420898	274.64706420898
1782	274.65405273438	274.65405273438	274.65405273438	274.65405273438	274.65405273438	274.65405273438	274.65405273438	274.65405273438	274.65405273438
1783	274.65805053711	274.65805053711	274.65805053711	274.65805053711	274.65805053711	274.65805053711	274.65805053711	274.65805053711	274.65805053711
1784	274.66406250000	274.66406250000	274.66406250000	274.66406250000	274.66406250000	274.66406250000	274.66406250000	274.66406250000	274.66406250000
1785	274.66903686523	274.66903686523	274.66903686523	274.66903686523	274.66903686523	274.66903686523	274.66903686523	274.66903686523	274.66903686523
1786	274.67605590820	274.67605590820	274.67605590820	274.67605590820	274.67605590820	274.67605590820	274.67605590820	274.67605590820	274.67605590820
1787	274.67803955078	274.67803955078	274.67803955078	274.67803955078	274.67803955078	274.67803955078	274.67803955078	274.67803955078	274.67803955078
1788	274.67706298828	274.67706298828	274.67706298828	274.67706298828	274.67706298828	274.67706298828	274.67706298828	274.67706298828	274.67706298828
1789	274.67803955078	274.67803955078	274.67803955078	274.67803955078	274.67803955078	274.67803955078	274.67803955078	274.67803955078	274.67803955078
1790	274.67706298828	274.67706298828	274.67706298828	274.67706298828	274.67706298828	274.67706298828	274.67706298828	274.67706298828	274.67706298828
1791	274.67404174805	274.67404174805	274.67404174805	274.67404174805	274.67404174805	274.67404174805	274.67404174805	274.67404174805	274.67404174805
1792	274.67404174805	274.67404174805	274.67404174805	274.67404174805	274.67404174805	274.67404174805	274.67404174805	274.67404174805	274.67404174805
1793	274.65905761719	274.65905761719	274.65905761719	274.65905761719	274.65905761719	274.65905761719	274.65905761719	274.65905761719	274.65905761719
1794	274.64804077148	274.64804077148	274.64804077148	274.64804077148	274.64804077148	274.64804077148	274.64804077148	274.64804077148	274.64804077148
1795	274.63104248047	274.63104248047	274.63104248047	274.63104248047	274.63104248047	274.63104248047	274.63104248047	274.63104248047	274.63104248047
1796	274.61505126953	274.61505126953	274.61505126953	274.61505126953	274.61505126953	274.61505126953	274.61505126953	274.61505126953	274.61505126953
1797	274.60104370117	274.60104370117	274.60104370117	274.60104370117	274.60104370117	274.60104370117	274.60104370117	274.60104370117	274.60104370117
1798	274.58404541016	274.58404541016	274.58404541016	274.58404541016	274.58404541016	274.58404541016	274.58404541016	274.58404541016	274.58404541016
1799	274.57003784180	274.57003784180	274.57003784180	274.57003784180	274.57003784180	274.57003784180	274.57003784180	274.57003784180	274.57003784180
1800	274.54705810547	274.54705810547	274.54705810547	274.54705810547	274.54705810547	274.54705810547	274.54705810547	274.54705810547	274.54705810547
1801	274.53204345703	274.53204345703	274.53204345703	274.53204345703	274.53204345703	274.53204345703	274.53204345703	274.53204345703	274.53204345703
1802	274.52304077148	274.52304077148	274.52304077148	274.52304077148	274.52304077148	274.52304077148	274.52304077148	274.52304077148	274.52304077148
1803	274.50503540039	274.50503540039	274.50503540039	274.50503540039	274.50503540039	274.50503540039	274.50503540039	274.50503540039	274.50503540039
1804	274.48605346680	274.48605346680	274.48605346680	274.48605346680	274.48605346680	274.48605346680	274.48605346680	274.48605346680	274.48605346680
1805	274.46606445313	274.46606445313	274.46606445313	274.46606445313	274.46606445313	274.46606445313	274.46606445313	274.46606445313	274.46606445313
1806	274.44705200195	274.44705200195	274.44705200195	274.44705200195	274.44705200195	274.44705200195	274.44705200195	274.44705200195	274.44705200195
1807	274.42803955078	274.42803955078	274.42803955078	274.42803955078	274.42803955078	274.42803955078	274.42803955078	274.42803955078	274.42803955078
1808	274.41104125977	274.41104125977	274.41104125977	274.41104125977	274.41104125977	274.41104125977	274.41104125977	274.41104125977	274.41104125977
1809	274.38305664063	274.38305664063	274.38305664063	274.38305664063	274.38305664063	274.38305664063	274.38305664063	274.38305664063	274.38305664063
1810	274.36004638672	274.36004638672	274.36004638672	274.36004638672	274.36004638672	274.36004638672	274.36004638672	274.36004638672	274.36004638672
1811	274.33404541016	274.33404541016	274.33404541016	274.33404541016	274.33404541016	274.33404541016	274.33404541016	274.33404541016	274.33404541016
1812	274.30404663086	274.30404663086	274.30404663086	274.30404663086	274.30404663086	274.30404663086	274.30404663086	274.30404663086	274.30404663086
1813	274.26705932617	274.26705932617	274.26705932617	274.26705932617	274.26705932617	274.26705932617	274.26705932617	274.26705932617	274.26705932617
1814	274.23104858398	274.23104858398	274.23104858398	274.23104858398	274.23104858398	274.23104858398	274.23104858398	274.23104858398	274.23104858398
1815	274.18106079102	274.18106079102	274.18106079102	274.18106079102	274.18106079102	274.18106079102	274.18106079102	274.18106079102	274.18106079102
1816	274.14303588867	274.14303588867	274.14303588867	274.14303588867	274.14303588867	274.14303588867	274.14303588867	274.14303588867	274.14303588867
1817	274.10705566406	274.10705566406	274.10705566406	274.10705566406	274.10705566406	274.10705566406	274.10705566406	274.10705566406	274.10705566406
1818	274.07104492188	274.07104492188	274.07104492188	274.07104492188	274.07104492188	274.07104492188	274.07104492188	274.07104492188	274.07104492188
1819	274.05004882813	274.05004882813	274.05004882813	274.05004882813	274.05004882813	274.05004882813	274.05004882813	274.05004882813	274.05004882813
1820	274.00704956055	274.00704956055	274.00704956055	274.00704956055	274.00704956055	274.00704956055	274.00704956055	274.00704956055	274.00704956055
1821	273.97006225586	273.97006225586	273.97006225586	273.97006225586	273.97006225586	273.97006225586	273.97006225586	273.97006225586	273.97006225586
1822	273.93304443359	273.93304443359	273.93304443359	273.93304443359	273.93304443359	273.93304443359	273.93304443359	273.93304443359	273.93304443359
1823	273.89505004883	273.89505004883	273.89505004883	273.89505004883	273.89505004883	273.89505004883	273.89505004883	273.89505004883	273.89505004883
1824	273.84704589844	273.84704589844	273.84704589844	273.84704589844	273.84704589844	273.84704589844	273.84704589844	273.84704589844	273.84704589844
1825	273.78604125977	273.78604125977	273.78604125977	273.78604125977	273.78604125977	273.78604125977	273.78604125977	273.78604125977	273.78604125977
1826	273.72805786133	273.72805786133	273.72805786133	273.72805786133	273.72805786133	273.72805786133	273.72805786133	273.72805786133	273.72805786133
1827	273.67706298828	273.67706298828	273.67706298828	273.67706298828	273.67706298828	273.67706298828	273.67706298828	273.67706298828	273.67706298828
1828	273.64105224609	273.64105224609	273.64105224609	273.64105224609	273.64105224609	273.64105224609	273.64105224609	273.64105224609	273.64105224609
1829	273.60205078125	273.60205078125	273.60205078125	273.60205078125	273.60205078125	273.60205078125	273.60205078125	273.60205078125	273.60205078125
1830	273.56405639648	273.56405639648	273.56405639648	273.56405639648	273.56405639648	273.56405639648	273.56405639648	273.56405639648	273.56405639648
1831	273.52005004883	273.52005004883	273.52005004883	273.52005004883	273.52005004883	273.52005004883	273.52005004883	273.52005004883	273.52005004883
1832	273.44406127930	273.44406127930	273.44406127930	273.44406127930	273.44406127930	273.44406127930	273.44406127930	273.44406127930	273.44406127930
1833	273.37203979492	273.37203979492	273.37203979492	273.37203979492	273.37203979492	273.37203979492	273.37203979492	273.37203979492	273.37203979492
1834	273.21405029297	273.21405029297	273.21405029297	273.21405029297	273.21405029297	273.21405029297	273.21405029297	273.21405029297	273.21405029297
1835	273.07904052734	273.07904052734	273.07904052734	273.07904052734	273.07904052734	273.07904052734	273.07904052734	273.07904052734	273.07904052734
1836	272.95404052734	272.95404052734	272.95404052734	272.95404052734	272.95404052734	272.95404052734	272.95404052734	272.95404052734	272.95404052734
1837	272.87304687500	272.87304687500	272.87304687500	272.87304687500	272.87304687500	272.87304687500	272.87304687500	272.87304687500	272.87304687500
1838	272.86605834961	272.86605834961	272.86605834961	272.86605834961	272.86605834961	272.86605834961	272.86605834961	272.86605834961	272.86605834961
1839	272.85806274414	272.85806274414	272.85806274414	272.85806274414	272.85806274414	272.85806274414	272.85806274414	272.85806274414	272.85806274414
1840	272.79904174805	272.79904174805	272.79904174805	272.79904174805	272.79904174805	272.79904174805	272.79904174805	272.79904174805	272.79904174805
1841	272.68905639648	272.68905639648	272.68905639648	272.68905639648	272.68905639648	272.68905639648	272.68905639648	272.68905639648	272.68905639648
1842	272.58206176758	272.58206176758	272.58206176758	272.58206176758	272.58206176758	272.58206176758	272.58206176758	272.58206176758	272.58206176758
1843	272.60705566406	272.60705566406	272.60705566406	272.60705566406	272.60705566406	272.60705566406	272.60705566406	272.60705566406	272.60705566406
1844	272.64804077148	272.64804077148	272.64804077148	272.64804077148	272.64804077148	272.64804077148	272.64804077148	272.64804077148	272.64804077148
1845	272.64004516602	272.64004516602	272.64004516602	272.64004516602	272.64004516602	272.64004516602	272.64004516602	272.64004516602	272.64004516602
1846	272.73004150391	272.73004150391	272.73004150391	272.73004150391	272.73004150391	272.73004150391	272.73004150391	272.73004150391	272.73004150391
1847	272.81304931641	272.81304931641	272.81304931641	272.81304931641	272.81304931641	272.81304931641	272.81304931641	272.81304931641	272.81304931641
1848	272.88504028320	272.88504028320	272.88504028320	272.88504028320	272.88504028320	272.88504028320	272.88504028320	272.88504028320	272.88504028320
1849	272.95404052734	272.95404052734	272.95404052734	272.95404052734	272.95404052734	272.95404052734	272.95404052734	272.95404052734	272.95404052734
1850	273.02105712891	273.02105712891	273.02105712891	273.02105712891	273.02105712891	273.02105712891	273.02105712891	273.02105712891	273.02105712891
1851	273.09405517578	273.09405517578	273.09405517578	273.09405517578	273.09405517578	273.09405517578	273.09405517578	273.09405517578	273.09405517578
1852	273.16806030273	273.16806030273	273.16806030273	273.16806030273	273.16806030273	273.16806030273	273.16806030273	273.16806030273	273.16806030273
1853	273.26403808594	273.26403808594	273.26403808594	273.26403808594	273.26403808594	273.26403808594	273.26403808594	273.26403808594	273.26403808594
1854	273.36303710938	273.36303710938	273.36303710938	273.36303710938	273.36303710938	273.36303710938	273.36303710938	273.36303710938	273.36303710938
1855	273.47006225586	273.47006225586	273.47006225586	273.47006225586	273.47006225586	273.47006225586	273.47006225586	273.47006225586	273.47006225586
1856	273.57803344727	273.57803344727	273.57803344727	273.57803344727	273.57803344727	273.57803344727	273.57803344727	273.57803344727	273.57803344727
1857	273.67504882813	273.67504882813	273.67504882813	273.67504882813	273.67504882813	273.67504882813	273.67504882813	273.67504882813	273.67504882813
1858	273.75604248047	273.75604248047	273.75604248047	273.75604248047	273.75604248047	273.75604248047	273.75604248047	273.75604248047	273.75604248047
1859	273.89505004883	273.89505004883	273.89505004883	273.89505004883	273.89505004883	273.89505004883	273.89505004883	273.89505004883	273.89505004883
1860	274.05606079102	274.05606079102	274.05606079102	274.05606079102	274.05606079102	274.05606079102	274.05606079102	274.05606079102	274.05606079102
1861	274.24005126953	274.24005126953	274.24005126953	274.24005126953	274.24005126953	274.24005126953	274.24005126953	274.24005126953	274.24005126953
1862	274.41604614258	274.41604614258	274.41604614258	274.41604614258	274.41604614258	274.41604614258	274.41604614258	274.41604614258	274.41604614258
1863	274.57104492188	274.57104492188	274.57104492188	274.57104492188	274.57104492188	274.57104492188	274.57104492188	274.57104492188	274.57104492188
1864	274.72006225586	274.72006225586	274.72006225586	274.72006225586	274.72006225586	274.72006225586	274.72006225586	274.72006225586	274.72006225586
1865	274.88003540039	274.88003540039	274.88003540039	274.88003540039	274.88003540039	274.88003540039	274.88003540039	274.88003540039	274.88003540039
1866	275.04803466797	275.04803466797	275.04803466797	275.04803466797	275.04803466797	275.04803466797	275.04803466797	275.04803466797	275.04803466797
1867	275.21304321289	275.21304321289	275.21304321289	275.21304321289	275.21304321289	275.21304321289	275.21304321289	275.21304321289	275.21304321289
1868	275.39105224609	275.39105224609	275.39105224609	275.39105224609	275.39105224609	275.39105224609	275.39105224609	275.39105224609	275.39105224609
1869	275.56103515625	275.56103515625	275.56103515625	275.56103515625	275.56103515625	275.56103515625	275.56103515625	275.56103515625	275.56103515625
1870	275.72006225586	275.72006225586	275.72006225586	275.72006225586	275.72006225586	275.72006225586	275.72006225586	275.72006225586	275.72006225586
1871	275.90304565430	275.90304565430	275.90304565430	275.90304565430	275.90304565430	275.90304565430	275.90304565430	275.90304565430	275.90304565430
1872	276.07803344727	276.07803344727	276.07803344727	276.07803344727	276.07803344727	276.07803344727	276.07803344727	276.07803344727	276.07803344727
1873	276.25006103516	276.25006103516	276.25006103516	276.25006103516	276.25006103516	276.25006103516	276.25006103516	276.25006103516	276.25006103516
1874	276.41604614258	276.41604614258	276.41604614258	276.41604614258	276.41604614258	276.41604614258	276.41604614258	276.41604614258	276.41604614258
1875	276.58505249023	276.58505249023	276.58505249023	276.58505249023	276.58505249023	276.58505249023	276.58505249023	276.58505249023	276.58505249023
1876	276.73504638672	276.73504638672	276.73504638672	276.73504638672	276.73504638672	276.73504638672	276.73504638672	276.73504638672	276.73504638672
1877	276.86404418945	276.86404418945	276.86404418945	276.86404418945	276.86404418945	276.86404418945	276.86404418945	276.86404418945	276.86404418945
1878	277.00204467773	277.00204467773	277.00204467773	277.00204467773	277.00204467773	277.00204467773	277.00204467773	277.00204467773	277.00204467773
1879	277.13305664063	277.13305664063	277.13305664063	277.13305664063	277.13305664063	277.13305664063	277.13305664063	277.13305664063	277.13305664063
1880	277.26504516602	277.26504516602	277.26504516602	277.26504516602	277.26504516602	277.26504516602	277.26504516602	277.26504516602	277.26504516602
1881	277.37405395508	277.37405395508	277.37405395508	277.37405395508	277.37405395508	277.37405395508	277.37405395508	277.37405395508	277.37405395508
1882	277.48605346680	277.48605346680	277.48605346680	277.48605346680	277.48605346680	277.48605346680	277.48605346680	277.48605346680	277.48605346680
1883	277.59103393555	277.59103393555	277.59103393555	277.59103393555	277.59103393555	277.59103393555	277.59103393555	277.59103393555	277.59103393555
1884	277.69503784180	277.69503784180	277.69503784180	277.69503784180	277.69503784180	277.69503784180	277.69503784180	277.69503784180	277.69503784180
1885	277.79504394531	277.79504394531	277.79504394531	277.79504394531	277.79504394531	277.79504394531	277.79504394531	277.79504394531	277.79504394531
1886	277.88504028320	277.88504028320	277.88504028320	277.88504028320	277.88504028320	277.88504028320	277.88504028320	277.88504028320	277.88504028320
1887	277.99505615234	277.99505615234	277.99505615234	277.99505615234	277.99505615234	277.99505615234	277.99505615234	277.99505615234	277.99505615234
1888	278.08004760742	278.08004760742	278.08004760742	278.08004760742	278.08004760742	278.08004760742	278.08004760742	278.08004760742	278.08004760742
1889	278.19104003906	278.19104003906	278.19104003906	278.19104003906	278.19104003906	278.19104003906	278.19104003906	278.19104003906	278.19104003906
1890	278.27304077148	278.27304077148	278.27304077148	278.27304077148	278.27304077148	278.27304077148	278.27304077148	278.27304077148	278.27304077148
1891	278.34704589844	278.34704589844	278.34704589844	278.34704589844	278.34704589844	278.34704589844	278.34704589844	278.34704589844	278.34704589844
1892	278.44204711914	278.44204711914	278.44204711914	278.44204711914	278.44204711914	278.44204711914	278.44204711914	278.44204711914	278.44204711914
1893	278.55404663086	278.55404663086	278.55404663086	278.55404663086	278.55404663086	278.55404663086	278.55404663086	278.55404663086	278.55404663086
1894	278.68905639648	278.68905639648	278.68905639648	278.68905639648	278.68905639648	278.68905639648	278.68905639648	278.68905639648	278.68905639648
1895	278.83105468750	278.83105468750	278.83105468750	278.83105468750	278.83105468750	278.83105468750	278.83105468750	278.83105468750	278.83105468750
1896	278.93905639648	278.93905639648	278.93905639648	278.93905639648	278.93905639648	278.93905639648	278.93905639648	278.93905639648	278.93905639648
1897	279.05105590820	279.05105590820	279.05105590820	279.05105590820	279.05105590820	279.05105590820	279.05105590820	279.05105590820	279.05105590820
1898	279.16305541992	279.16305541992	279.16305541992	279.16305541992	279.16305541992	279.16305541992	279.16305541992	279.16305541992	279.16305541992
1899	279.30804443359	279.30804443359	279.30804443359	279.30804443359	279.30804443359	279.30804443359	279.30804443359	279.30804443359	279.30804443359
1900	279.45404052734	279.45404052734	279.45404052734	279.45404052734	279.45404052734	279.45404052734	279.45404052734	279.45404052734	279.45404052734
1901	279.61303710938	279.61303710938	279.61303710938	279.61303710938	279.61303710938	279.61303710938	279.61303710938	279.61303710938	279.61303710938
1902	279.86105346680	279.86105346680	279.86105346680	279.86105346680	279.86105346680	279.86105346680	279.86105346680	279.86105346680	279.86105346680
1903	280.15603637695	280.15603637695	280.15603637695	280.15603637695	280.15603637695	280.15603637695	280.15603637695	280.15603637695	280.15603637695
1904	280.43203735352	280.43203735352	280.43203735352	280.43203735352	280.43203735352	280.43203735352	280.43203735352	280.43203735352	280.43203735352
1905	280.70504760742	280.70504760742	280.70504760742	280.70504760742	280.70504760742	280.70504760742	280.70504760742	280.70504760742	280.70504760742
1906	280.98004150391	280.98004150391	280.98004150391	280.98004150391	280.98004150391	280.98004150391	280.98004150391	280.98004150391	280.98004150391
1907	281.27603149414	281.27603149414	281.27603149414	281.27603149414	281.27603149414	281.27603149414	281.27603149414	281.27603149414	281.27603149414
1908	281.61105346680	281.61105346680	281.61105346680	281.61105346680	281.61105346680	281.61105346680	281.61105346680	281.61105346680	281.61105346680
1909	281.95004272461	281.95004272461	281.95004272461	281.95004272461	281.95004272461	281.95004272461	281.95004272461	281.95004272461	281.95004272461
1910	282.31405639648	282.31405639648	282.31405639648	282.31405639648	282.31405639648	282.31405639648	282.31405639648	282.31405639648	282.31405639648
1911	282.72103881836	282.72103881836	282.72103881836	282.72103881836	282.72103881836	282.72103881836	282.72103881836	282.72103881836	282.72103881836
1912	283.01904296875	283.01904296875	283.01904296875	283.01904296875	283.01904296875	283.01904296875	283.01904296875	283.01904296875	283.01904296875
1913	283.36203002930	283.36203002930	283.36203002930	283.36203002930	283.36203002930	283.36203002930	283.36203002930	283.36203002930	283.36203002930
1914	283.71603393555	283.71603393555	283.71603393555	283.71603393555	283.71603393555	283.71603393555	283.71603393555	283.71603393555	283.71603393555
1915	284.04705810547	284.04705810547	284.04705810547	284.04705810547	284.04705810547	284.04705810547	284.04705810547	284.04705810547	284.04705810547
1916	284.31204223633	284.31204223633	284.31204223633	284.31204223633	284.31204223633	284.31204223633	284.31204223633	284.31204223633	284.31204223633
1917	284.61505126953	284.61505126953	284.61505126953	284.61505126953	284.61505126953	284.61505126953	284.61505126953	284.61505126953	284.61505126953
1918	284.80505371094	284.80505371094	284.80505371094	284.80505371094	284.80505371094	284.80505371094	284.80505371094	284.80505371094	284.80505371094
1919	284.85104370117	284.85104370117	284.85104370117	284.85104370117	284.85104370117	284.85104370117	284.85104370117	284.85104370117	284.85104370117
1920	284.92904663086	284.92904663086	284.92904663086	284.92904663086	284.92904663086	284.92904663086	284.92904663086	284.92904663086	284.92904663086
1921	285.03906250000	285.03906250000	285.03906250000	285.03906250000	285.03906250000	285.03906250000	285.03906250000	285.03906250000	285.03906250000
1922	285.17004394531	285.17004394531	285.17004394531	285.17004394531	285.17004394531	285.17004394531	285.17004394531	285.17004394531	285.17004394531
1923	285.46704101563	285.46704101563	285.46704101563	285.46704101563	285.46704101563	285.46704101563	285.46704101563	285.46704101563	285.46704101563
1924	285.60504150391	285.60504150391	285.60504150391	285.60504150391	285.60504150391	285.60504150391	285.60504150391	285.60504150391	285.60504150391
1925	285.65203857422	285.65203857422	285.65203857422	285.65203857422	285.65203857422	285.65203857422	285.65203857422	285.65203857422	285.65203857422
1926	285.69204711914	285.69204711914	285.69204711914	285.69204711914	285.69204711914	285.69204711914	285.69204711914	285.69204711914	285.69204711914
1927	285.74005126953	285.74005126953	285.74005126953	285.74005126953	285.74005126953	285.74005126953	285.74005126953	285.74005126953	285.74005126953
1928	285.83303833008	285.83303833008	285.83303833008	285.83303833008	285.83303833008	285.83303833008	285.83303833008	285.83303833008	285.83303833008
1929	285.89105224609	285.89105224609	285.89105224609	285.89105224609	285.89105224609	285.89105224609	285.89105224609	285.89105224609	285.89105224609
1930	285.93804931641	285.93804931641	285.93804931641	285.93804931641	285.93804931641	285.93804931641	285.93804931641	285.93804931641	285.93804931641
1931	286.12405395508	286.12405395508	286.12405395508	286.12405395508	286.12405395508	286.12405395508	286.12405395508	286.12405395508	286.12405395508
1932	286.22204589844	286.22204589844	286.22204589844	286.22204589844	286.22204589844	286.22204589844	286.22204589844	286.22204589844	286.22204589844
1933	286.37103271484	286.37103271484	286.37103271484	286.37103271484	286.37103271484	286.37103271484	286.37103271484	286.37103271484	286.37103271484
1934	286.46704101563	286.46704101563	286.46704101563	286.46704101563	286.46704101563	286.46704101563	286.46704101563	286.46704101563	286.46704101563
1935	286.58703613281	286.58703613281	286.58703613281	286.58703613281	286.58703613281	286.58703613281	286.58703613281	286.58703613281	286.58703613281
1936	286.74703979492	286.74703979492	286.74703979492	286.74703979492	286.74703979492	286.74703979492	286.74703979492	286.74703979492	286.74703979492
1937	286.95104980469	286.95104980469	286.95104980469	286.95104980469	286.95104980469	286.95104980469	286.95104980469	286.95104980469	286.95104980469
1938	287.19104003906	287.19104003906	287.19104003906	287.19104003906	287.19104003906	287.19104003906	287.19104003906	287.19104003906	287.19104003906
1939	287.38705444336	287.38705444336	287.38705444336	287.38705444336	287.38705444336	287.38705444336	287.38705444336	287.38705444336	287.38705444336
1940	287.61904907227	287.61904907227	287.61904907227	287.61904907227	287.61904907227	287.61904907227	287.61904907227	287.61904907227	287.61904907227
1941	287.86404418945	287.86404418945	287.86404418945	287.86404418945	287.86404418945	287.86404418945	287.86404418945	287.86404418945	287.86404418945
1942	288.13806152344	288.13806152344	288.13806152344	288.13806152344	288.13806152344	288.13806152344	288.13806152344	288.13806152344	288.13806152344
1943	288.78103637695	288.78103637695	288.78103637695	288.78103637695	288.78103637695	288.78103637695	288.78103637695	288.78103637695	288.78103637695
1944	289.00006103516	289.00006103516	289.00006103516	289.00006103516	289.00006103516	289.00006103516	289.00006103516	289.00006103516	289.00006103516
1945	289.22705078125	289.22705078125	289.22705078125	289.22705078125	289.22705078125	289.22705078125	289.22705078125	289.22705078125	289.22705078125
1946	289.42703247070	289.42703247070	289.42703247070	289.42703247070	289.42703247070	289.42703247070	289.42703247070	289.42703247070	289.42703247070
1947	289.51104736328	289.51104736328	289.51104736328	289.51104736328	289.51104736328	289.51104736328	289.51104736328	289.51104736328	289.51104736328
1948	289.55606079102	289.55606079102	289.55606079102	289.55606079102	289.55606079102	289.55606079102	289.55606079102	289.55606079102	289.55606079102
1949	289.59805297852	289.59805297852	289.59805297852	289.59805297852	289.59805297852	289.59805297852	289.59805297852	289.59805297852	289.59805297852
1950	289.73904418945	289.73904418945	289.73904418945	289.73904418945	289.73904418945	289.73904418945	289.73904418945	289.73904418945	289.73904418945
1951	289.86004638672	289.86004638672	289.86004638672	289.86004638672	289.86004638672	289.86004638672	289.86004638672	289.86004638672	289.86004638672
1952	290.02505493164	290.02505493164	290.02505493164	290.02505493164	290.02505493164	290.02505493164	290.02505493164	290.02505493164	290.02505493164
1953	290.33404541016	290.33404541016	290.33404541016	290.33404541016	290.33404541016	290.33404541016	290.33404541016	290.33404541016	290.33404541016
1954	290.54803466797	290.54803466797	290.54803466797	290.54803466797	290.54803466797	290.54803466797	290.54803466797	290.54803466797	290.54803466797
1955	290.84405517578	290.84405517578	290.84405517578	290.84405517578	290.84405517578	290.84405517578	290.84405517578	290.84405517578	290.84405517578
1956	291.18704223633	291.18704223633	291.18704223633	291.18704223633	291.18704223633	291.18704223633	291.18704223633	291.18704223633	291.18704223633
1957	291.51205444336	291.51205444336	291.51205444336	291.51205444336	291.51205444336	291.51205444336	291.51205444336	291.51205444336	291.51205444336
1958	291.77203369141	291.77203369141	291.77203369141	291.77203369141	291.77203369141	291.77203369141	291.77203369141	291.77203369141	291.77203369141
1959	291.98706054688	291.98706054688	291.98706054688	291.98706054688	291.98706054688	291.98706054688	291.98706054688	291.98706054688	291.98706054688
1960	292.28305053711	292.28305053711	292.28305053711	292.28305053711	292.28305053711	292.28305053711	292.28305053711	292.28305053711	292.28305053711
1961	292.60205078125	292.60205078125	292.60205078125	292.60205078125	292.60205078125	292.60205078125	292.60205078125	292.60205078125	292.60205078125
1962	292.94503784180	292.94503784180	292.94503784180	292.94503784180	292.94503784180	292.94503784180	292.94503784180	292.94503784180	292.94503784180
1963	293.32705688477	293.32705688477	293.32705688477	293.32705688477	293.32705688477	293.32705688477	293.32705688477	293.32705688477	293.32705688477
1964	293.68505859375	293.68505859375	293.68505859375	293.68505859375	293.68505859375	293.68505859375	293.68505859375	293.68505859375	293.68505859375
1965	294.04504394531	294.04504394531	294.04504394531	294.04504394531	294.04504394531	294.04504394531	294.04504394531	294.04504394531	294.04504394531
1966	294.45303344727	294.45303344727	294.45303344727	294.45303344727	294.45303344727	294.45303344727	294.45303344727	294.45303344727	294.45303344727
1967	294.86004638672	294.86004638672	294.86004638672	294.86004638672	294.86004638672	294.86004638672	294.86004638672	294.86004638672	294.86004638672
1968	295.26904296875	295.26904296875	295.26904296875	295.26904296875	295.26904296875	295.26904296875	295.26904296875	295.26904296875	295.26904296875
1969	295.68103027344	295.68103027344	295.68103027344	295.68103027344	295.68103027344	295.68103027344	295.68103027344	295.68103027344	295.68103027344
1970	296.09805297852	296.09805297852	296.09805297852	296.09805297852	296.09805297852	296.09805297852	296.09805297852	296.09805297852	296.09805297852
1971	296.52203369141	296.52203369141	296.52203369141	296.52203369141	296.52203369141	296.52203369141	296.52203369141	296.52203369141	296.52203369141
1972	296.95504760742	296.95504760742	296.95504760742	296.95504760742	296.95504760742	296.95504760742	296.95504760742	296.95504760742	296.95504760742
1973	297.39904785156	297.39904785156	297.39904785156	297.39904785156	297.39904785156	297.39904785156	297.39904785156	297.39904785156	297.39904785156
1974	297.85504150391	297.85504150391	297.85504150391	297.85504150391	297.85504150391	297.85504150391	297.85504150391	297.85504150391	297.85504150391
1975	298.32604980469	298.32604980469	298.32604980469	298.32604980469	298.32604980469	298.32604980469	298.32604980469	298.32604980469	298.32604980469
1976	298.81405639648	298.81405639648	298.81405639648	298.81405639648	298.81405639648	298.81405639648	298.81405639648	298.81405639648	298.81405639648
1977	299.31903076172	299.31903076172	299.31903076172	299.31903076172	299.31903076172	299.31903076172	299.31903076172	299.31903076172	299.31903076172
1978	299.84503173828	299.84503173828	299.84503173828	299.84503173828	299.84503173828	299.84503173828	299.84503173828	299.84503173828	299.84503173828
1979	300.39303588867	300.39303588867	300.39303588867	300.39303588867	300.39303588867	300.39303588867	300.39303588867	300.39303588867	300.39303588867
1980	300.96502685547	300.96502685547	300.96502685547	300.96502685547	300.96502685547	300.96502685547	300.96502685547	300.96502685547	300.96502685547
1981	301.56204223633	301.56204223633	301.56204223633	301.56204223633	301.56204223633	301.56204223633	301.56204223633	301.56204223633	301.56204223633
1982	302.18704223633	302.18704223633	302.18704223633	302.18704223633	302.18704223633	302.18704223633	302.18704223633	302.18704223633	302.18704223633
1983	302.84204101563	302.84204101563	302.84204101563	302.84204101563	302.84204101563	302.84204101563	302.84204101563	302.84204101563	302.84204101563
1984	303.52804565430	303.52804565430	303.52804565430	303.52804565430	303.52804565430	303.52804565430	303.52804565430	303.52804565430	303.52804565430
1985	304.24703979492	304.24703979492	304.24703979492	304.24703979492	304.24703979492	304.24703979492	304.24703979492	304.24703979492	304.24703979492
1986	305.00204467773	305.00204467773	305.00204467773	305.00204467773	305.00204467773	305.00204467773	305.00204467773	305.00204467773	305.00204467773
1987	305.79302978516	305.79302978516	305.79302978516	305.79302978516	305.79302978516	305.79302978516	305.79302978516	305.79302978516	305.79302978516
1988	306.62405395508	306.62405395508	306.62405395508	306.62405395508	306.62405395508	306.62405395508	306.62405395508	306.62405395508	306.62405395508
1989	307.83102416992	307.83102416992	307.83102416992	307.83102416992	307.83102416992	307.83102416992	307.83102416992	307.83102416992	307.83102416992
1990	308.68304443359	308.68304443359	308.68304443359	308.68304443359	308.68304443359	308.68304443359	308.68304443359	308.68304443359	308.68304443359
1991	309.23303222656	309.23303222656	309.23303222656	309.23303222656	309.23303222656	309.23303222656	309.23303222656	309.23303222656	309.23303222656
1992	309.72503662109	309.72503662109	309.72503662109	309.72503662109	309.72503662109	309.72503662109	309.72503662109	309.72503662109	309.72503662109
1993	310.09906005859	310.09906005859	310.09906005859	310.09906005859	310.09906005859	310.09906005859	310.09906005859	310.09906005859	310.09906005859
1994	310.80801391602	310.80801391602	310.80801391602	310.80801391602	310.80801391602	310.80801391602	310.80801391602	310.80801391602	310.80801391602
1995	311.27905273438	311.27905273438	311.27905273438	311.27905273438	311.27905273438	311.27905273438	311.27905273438	311.27905273438	311.27905273438
1996	312.29800415039	312.29800415039	312.29800415039	312.29800415039	312.29800415039	312.29800415039	312.29800415039	312.29800415039	312.29800415039
1997	313.18304443359	313.18304443359	313.18304443359	313.18304443359	313.18304443359	313.18304443359	313.18304443359	313.18304443359	313.18304443359
1998	313.90701293945	313.90701293945	313.90701293945	313.90701293945	313.90701293945	313.90701293945	313.90701293945	313.90701293945	313.90701293945
1999	314.70898437500	314.70898437500	314.70898437500	314.70898437500	314.70898437500	314.70898437500	314.70898437500	314.70898437500	314.70898437500
2000	315.75900268555	315.75900268555	315.75900268555	315.75900268555	315.75900268555	315.75900268555	315.75900268555	315.75900268555	315.75900268555
2001	316.49301147461	316.49301147461	316.49301147461	316.49301147461	316.49301147461	316.49301147461	316.49301147461	316.49301147461	316.49301147461
2002	317.10101318359	317.10101318359	317.10101318359	317.10101318359	317.10101318359	317.10101318359	317.10101318359	317.10101318359	317.10101318359
2003	317.73001098633	317.73001098633	317.73001098633	317.73001098633	317.73001098633	317.73001098633	317.73001098633	317.73001098633	317.73001098633
2004	318.35702514648	318.35702514648	318.35702514648	318.35702514648	318.35702514648	318.35702514648	318.35702514648	318.35702514648	318.35702514648
2005	319.13000488281	319.13000488281	319.13000488281	319.13000488281	319.13000488281	319.13000488281	319.13000488281	319.13000488281	319.13000488281
2006	319.93301391602	319.93301391602	319.93301391602	319.93301391602	319.93301391602	319.93301391602	319.93301391602	319.93301391602	319.93301391602
2007	320.64602661133	320.64602661133	320.64602661133	320.64602661133	320.64602661133	320.64602661133	320.64602661133	320.64602661133	320.64602661133
2008	321.57498168945	321.57498168945	321.57498168945	321.57498168945	321.57498168945	321.57498168945	321.57498168945	321.57498168945	321.57498168945
2009	322.27499389648	322.27499389648	322.27499389648	322.27499389648	322.27499389648	322.27499389648	322.27499389648	322.27499389648	322.27499389648
2010	323.14099121094	323.14099121094	323.14099121094	323.14099121094	323.14099121094	323.14099121094	323.14099121094	323.14099121094	323.14099121094
2011	324.15896606445	324.15896606445	324.15896606445	324.15896606445	324.15896606445	324.15896606445	324.15896606445	324.15896606445	324.15896606445
2012	325.00500488281	325.00500488281	325.00500488281	325.00500488281	325.00500488281	325.00500488281	325.00500488281	325.00500488281	325.00500488281
2013	325.91900634766	325.91900634766	325.91900634766	325.91900634766	325.91900634766	325.91900634766	325.91900634766	325.91900634766	325.91900634766
2014	326.98800659180	326.98800659180	326.98800659180	326.98800659180	326.98800659180	326.98800659180	326.98800659180	326.98800659180	326.98800659180
2015	327.64499308268	328.17965698242	328.17977905273	328.17959594727	328.17953491211	328.17947387695	328.17959594727	328.17959594727	328.17956542969
2016	328.55292521159	329.07598876953	329.07598876953	329.07598876953	329.07598876953	329.07598876953	329.07598876953	329.07598876953	329.07598876953
2017	329.47050005425	329.77697753906	329.77096557617	329.78497314453	329.79098510742	329.79098510742	329.78198242188	329.78198242188	329.78997802734
2018	330.37058079970	330.50796508789	330.48596191406	330.54098510742	330.56497192383	330.56497192383	330.52896118164	330.52896118164	330.56298828125
2019	331.29011696795	331.22796630859	331.17797851563	331.30197143555	331.35598754883	331.35696411133	331.27597045898	331.27597045898	331.35098266602
2020	332.17776425137	331.93698120117	331.84796142578	332.06796264648	332.16397094727	332.16497802734	332.02096557617	332.02096557617	332.15396118164
2021	333.05039486059	332.63497924805	332.49597167969	332.83898925781	332.98898315430	332.99096679688	332.76596069336	332.76596069336	332.97396850586
2022	333.94108613839	333.30996704102	333.12097167969	333.61596679688	333.82998657227	333.83197021484	333.50897216797	333.52096557617	333.80398559570
2023	334.82090235914	333.94796752930	333.72296142578	334.39797973633	334.68395996094	334.68698120117	334.24697875977	334.29498291016	334.63998413086
2024	335.70064004177	334.54898071289	334.30096435547	335.18597412109	335.55197143555	335.55496215820	334.98098754883	335.08898925781	335.48196411133
2025	336.62387979512	335.11499023438	334.85598754883	335.97998046875	336.43197631836	336.43698120117	335.70996093750	335.90298461914	336.32797241211
2026	337.51076961739	335.64498901367	335.38796997070	336.77896118164	337.32696533203	337.33197021484	336.43496704102	336.73596191406	337.17996215820
2027	338.39593815544	336.13998413086	335.89797973633	337.58297729492	338.23397827148	338.24096679688	337.15597534180	337.58798217773	338.03796386719
2028	339.28267110638	336.59997558594	336.38397216797	338.39297485352	339.15396118164	339.16296386719	337.87298583984	338.45996093750	338.89996337891
2029	340.16908956306	337.02496337891	336.84896850586	339.20797729492	340.08798217773	340.09796142578	338.58496093750	339.34997558594	339.76797485352
2030	341.06114569350	337.41497802734	337.29098510742	340.02896118164	341.03396606445	341.04498291016	339.29397583008	340.25897216797	340.64096069336
2031	341.95479871202	337.77096557617	337.71096801758	340.85498046875	341.99298095703	342.00598144531	339.99798583984	341.18698120117	341.51995849609
2032	342.84638900427	338.10897827148	338.11297607422	341.68298339844	342.96298217773	342.97796630859	340.70196533203	342.12698364258	342.40197753906
2033	343.73850616407	338.44299316406	338.50299072266	342.50997924805	343.94097900391	343.95898437500	341.40798950195	343.07098388672	343.28598022461
2034	344.62840098893	338.77398681641	338.87997436523	343.33596801758	344.92797851563	344.94897460938	342.11898803711	344.02096557617	344.17297363281
2035	345.51434353877	339.10296630859	339.24496459961	344.15997314453	345.92398071289	345.94696044922	342.83197021484	344.97497558594	345.06298828125
2036	346.40567631297	339.42797851563	339.59799194336	344.98397827148	346.92797851563	346.95397949219	343.54797363281	345.93496704102	345.95498657227
2037	347.29734856653	339.75097656250	339.93798828125	345.80697631836	347.94097900391	347.96997070313	344.26696777344	346.89898681641	346.84997558594
2038	348.18874088531	340.07098388672	340.26599121094	346.62796020508	348.96197509766	348.99496459961	344.98999023438	347.86697387695	347.74697875977
2039	349.07972489109	340.38897705078	340.58197021484	347.44897460938	349.99096679688	350.02798461914	345.71597290039	348.84097290039	348.64697265625
2040	349.96974276905	340.70297241211	340.88598632813	348.26797485352	351.02896118164	351.06997680664	346.44396972656	349.81896972656	349.54898071289
2041	350.85960707778	341.01599121094	341.17898559570	349.08697509766	352.07498168945	352.11996459961	347.17596435547	350.80197143555	350.45297241211
2042	351.74981810989	341.32296752930	341.46197509766	349.90097045898	353.12796020508	353.17697143555	347.90997314453	351.78698730469	351.33096313477
2043	352.64021707507	341.62399291992	341.73999023438	350.70797729492	354.18698120117	354.24096679688	348.64697265625	352.77197265625	352.15197753906
2044	353.53111159522	341.91897583008	342.01098632813	351.50897216797	355.25296020508	355.31097412109	349.38696289063	353.75695800781	352.91696166992
2045	354.42222181600	342.20797729492	342.27697753906	352.30197143555	356.32498168945	356.38796997070	350.12896728516	354.74197387695	353.62597656250
2046	355.31251343129	342.48999023438	342.53598022461	353.08898925781	357.40298461914	357.47097778320	350.87298583984	355.72695922852	354.27896118164
2047	356.20275188067	342.76599121094	342.78997802734	353.86798095703	358.48696899414	358.55996704102	351.61996459961	356.71096801758	354.87799072266
2048	357.09307583620	343.03598022461	343.03799438477	354.64096069336	359.57696533203	359.65496826172	352.36898803711	357.69598388672	355.42196655273
2049	357.98354043800	343.29998779297	343.28097534180	355.40698242188	360.67398071289	360.75598144531	353.12097167969	358.68096923828	355.91198730469
2050	358.87416428535	343.55798339844	343.51797485352	356.16598510742	361.77597045898	361.86297607422	353.87496948242	359.66497802734	356.34896850586
2051	359.76478806929	343.80996704102	343.74899291992	356.91897583008	362.88397216797	362.97695922852	354.63198852539	360.64996337891	356.73196411133
2052	360.65533041471	344.05697631836	343.97598266602	357.66296386719	363.99798583984	364.09497070313	355.39096069336	361.63296508789	357.10397338867
2053	361.54580057410	344.29998779297	344.19897460938	358.39596557617	365.11596679688	365.21896362305	356.15396118164	362.61398315430	357.50598144531
2054	362.43619770097	344.53997802734	344.41897583008	359.11798095703	366.23797607422	366.34698486328	356.91897583008	363.59298706055	357.93798828125
2055	363.32661998403	344.77697753906	344.63598632813	359.82897949219	367.36398315430	367.47897338867	357.68798828125	364.56997680664	358.39996337891
2056	364.21716816548	345.00897216797	344.84997558594	360.52996826172	368.49496459961	368.61596679688	358.45996093750	365.54397583008	358.89196777344
2057	365.10772017237	345.23898315430	345.05996704102	361.21997070313	369.62997436523	369.75695800781	359.23498535156	366.51696777344	359.41497802734
2058	365.99824625291	345.46496582031	345.26696777344	361.89898681641	370.76995849609	370.90298461914	360.01296997070	367.48696899414	359.96597290039
2059	366.88873793436	345.68698120117	345.47097778320	362.56796264648	371.91296386719	372.05398559570	360.79296875000	368.45498657227	360.54797363281
2060	367.77920548775	345.90597534180	345.67098999023	363.22698974609	373.06097412109	373.20797729492	361.57696533203	369.42095947266	361.15798950195
2061	368.66967992204	346.12197875977	345.86898803711	363.87496948242	374.21197509766	374.36697387695	362.36398315430	370.38497924805	361.79797363281
2062	369.56017439227	346.33596801758	346.06399536133	364.51098632813	375.36798095703	375.52996826172	363.15396118164	371.34597778320	362.45297241211
2063	370.45068515252	346.54797363281	346.25796508789	365.13296508789	376.52798461914	376.69696044922	363.94796752930	372.30297851563	363.11096191406
2064	371.34120266087	346.75796508789	346.44998168945	365.74096679688	377.69097900391	377.86895751953	364.74496459961	373.25497436523	363.77197265625
2065	372.23170743450	346.96798706055	346.64099121094	366.33499145508	378.85797119141	379.04397583008	365.54498291016	374.20297241211	364.43496704102
2066	373.12219306240	347.17599487305	346.82998657227	366.91497802734	380.02798461914	380.22198486328	366.34896850586	375.14697265625	365.10098266602
2067	374.01267995982	347.38296508789	347.01696777344	367.48098754883	381.20297241211	381.40496826172	367.15597534180	376.08697509766	365.76898193359
2068	374.90317382491	347.58798217773	347.20397949219	368.03396606445	382.37997436523	382.59197998047	367.96697998047	377.02297973633	366.43896484375
2069	375.79367487169	347.79296875000	347.38897705078	368.57296752930	383.56198120117	383.78198242188	368.78097534180	377.95498657227	367.11297607422
2070	376.68417894743	347.99597167969	347.57199096680	369.09896850586	384.74697875977	384.97598266602	369.59796142578	378.88296508789	367.78796386719
2071	377.57468020521	348.19699096680	347.75396728516	369.61096191406	385.93496704102	386.17297363281	370.41897583008	379.80697631836	368.46597290039
2072	378.46517691795	348.39797973633	347.93597412109	370.10598754883	387.12698364258	387.37496948242	371.24298095703	380.72598266602	369.13998413086
2073	379.35567082229	348.59698486328	348.11999511719	370.58197021484	388.32196044922	388.57897949219	372.06997680664	381.63897705078	369.80297851563
2074	380.24616498939	348.79598999023	348.30398559570	371.03796386719	389.51995849609	389.78695678711	372.89898681641	382.54696655273	370.45596313477
2075	381.13666244757	348.99298095703	348.48999023438	371.47497558594	390.72097778320	390.99697875977	373.73196411133	383.44897460938	371.09698486328
2076	382.02716267343	349.18899536133	348.67797851563	371.89099121094	391.92398071289	392.21096801758	374.56796264648	384.34597778320	371.72897338867
2077	382.91766215620	349.38299560547	348.86596679688	372.28897094727	393.13098144531	393.42797851563	375.40698242188	385.23797607422	372.34896850586
2078	383.80815996399	349.57696533203	349.05596923828	372.66699218750	394.34097290039	394.64797973633	376.24798583984	386.12396240234	372.95996093750
2079	384.69865644582	349.76998901367	349.24697875977	373.02697753906	395.55297851563	395.87197875977	377.09298706055	387.00396728516	373.55996704102
2080	385.58915272359	349.96096801758	349.43997192383	373.36697387695	396.76898193359	397.09796142578	377.93997192383	387.87997436523	374.14898681641
2081	386.47964982772	350.15097045898	349.63397216797	373.68896484375	397.98696899414	398.32696533203	378.78997802734	388.74996948242	374.72897338867
2082	387.37014785717	350.34197998047	349.83099365234	373.99496459961	399.20797729492	399.55996704102	379.64196777344	389.61596679688	375.29797363281
2083	388.26064624696	350.53396606445	350.03396606445	374.28598022461	400.43395996094	400.79595947266	380.49298095703	390.47897338867	375.85598754883
2084	389.15114430455	350.72796630859	350.24197387695	374.56396484375	401.66296386719	402.03695678711	381.34396362305	391.33798217773	376.40298461914
2085	390.04164166808	350.92398071289	350.45599365234	374.82897949219	402.89697265625	403.28097534180	382.19396972656	392.19497680664	376.93997192383
2086	390.93213867819	351.12097167969	350.67498779297	375.07998657227	404.13397216797	404.52896118164	383.04296875000	393.04797363281	377.46597290039
2087	391.82263593789	351.31997680664	350.89898681641	375.31799316406	405.37496948242	405.78198242188	383.89297485352	393.89797973633	377.98196411133
2088	392.71313356321	351.51998901367	351.12896728516	375.54199218750	406.61996459961	407.03695678711	384.74096679688	394.74496459961	378.48797607422
2089	393.60363140196	351.72198486328	351.36398315430	375.75299072266	407.86798095703	408.29696655273	385.58996582031	395.58895874023	378.98297119141
2090	394.49412919808	351.92599487305	351.60397338867	375.95098876953	409.11996459961	409.55996704102	386.43798828125	396.42996215820	379.46697998047
2091	395.38462678965	352.13098144531	351.84997558594	376.13699340820	410.37597656250	410.82696533203	387.28598022461	397.26696777344	379.94198608398
2092	396.27512421398	352.33798217773	352.09597778320	376.30996704102	411.63595581055	412.09796142578	388.12997436523	398.10296630859	380.40798950195
2093	397.16562161844	352.54397583008	352.33798217773	376.46997070313	412.89797973633	413.37197875977	388.96896362305	398.93496704102	380.86499023438
2094	398.05611913150	352.75097656250	352.57598876953	376.61898803711	414.16497802734	414.64895629883	389.80096435547	399.76596069336	381.31396484375
2095	398.94661677372	352.95797729492	352.80899047852	376.75598144531	415.43395996094	415.92996215820	390.62796020508	400.59497070313	381.75598144531
2096	399.83711444796	353.16598510742	353.03799438477	376.88098144531	416.70697021484	417.21395874023	391.44897460938	401.42095947266	382.18896484375
2097	400.72761205422	353.37399291992	353.26296997070	376.99398803711	417.98196411133	418.50097656250	392.26397705078	402.24496459961	382.61398315430
2098	401.61810958758	353.58197021484	353.48397827148	377.09597778320	419.26095581055	419.79196166992	393.07397460938	403.06698608398	383.03198242188
2099	402.50860709329	353.78997802734	353.70098876953	377.18597412109	420.54397583008	421.08496093750	393.87796020508	403.88696289063	383.44198608398
2100	403.39910462332	353.99899291992	353.91299438477	377.26397705078	421.82897949219	422.38195800781	394.67596435547	404.70498657227	383.84396362305
2101	404.28960219824	354.20797729492	354.12197875977	377.33197021484	423.11697387695	423.68197631836	395.46896362305	405.52096557617	384.23898315430
2102	405.18009979920	354.41598510742	354.32696533203	377.39196777344	424.39996337891	424.97695922852	396.25497436523	406.33096313477	384.62698364258
2103	406.07059739312	354.62097167969	354.52899169922	377.45098876953	425.66897583008	426.25695800781	397.03198242188	407.13198852539	385.01098632813
2104	406.96109496012	354.82397460938	354.72897338867	377.50799560547	426.92495727539	427.52395629883	397.80096435547	407.92398071289	385.38998413086
2105	407.85159250577	355.02297973633	354.92599487305	377.56298828125	428.16595458984	428.77697753906	398.56198120117	408.70797729492	385.76498413086
2106	408.74209005235	355.21997070313	355.11898803711	377.61499023438	429.39398193359	430.01696777344	399.31497192383	409.48196411133	386.13497924805
2107	409.63258761522	355.41397094727	355.31097412109	377.66598510742	430.60797119141	431.24298095703	400.05895996094	410.24798583984	386.49996948242
2108	410.52308519129	355.60598754883	355.49899291992	377.71499633789	431.80895996094	432.45495605469	400.79598999023	411.00497436523	386.86099243164
2109	411.41358276928	355.79498291016	355.68496704102	377.76296997070	432.99597167969	433.65396118164	401.52398681641	411.75296020508	387.21798706055
2110	412.30408033974	355.98098754883	355.86798095703	377.80798339844	434.16998291016	434.83895874023	402.24496459961	412.49298095703	387.56997680664
2111	413.19457790132	356.16397094727	356.04797363281	377.85098266602	435.33096313477	436.01196289063	402.95697021484	413.22396850586	387.91796875000
2112	414.08507545976	356.34497070313	356.22598266602	377.89297485352	436.47897338867	437.17095947266	403.66198730469	413.94696044922	388.26199340820
2113	414.97557302162	356.52297973633	356.40097045898	377.93298339844	437.61398315430	438.31796264648	404.35897827148	414.66098022461	388.60098266602
2114	415.86607058924	356.69897460938	356.57397460938	377.97097778320	438.73596191406	439.45095825195	405.04797363281	415.36697387695	388.93597412109
2115	416.75656815987	356.87197875977	356.74398803711	378.00799560547	439.84597778320	440.57196044922	405.72998046875	416.06497192383	389.26696777344
2116	417.64706572899	357.04199218750	356.91098022461	378.04199218750	440.94198608398	441.67996215820	406.40396118164	416.75497436523	389.59298706055
2117	418.53756329457	357.20999145508	357.07598876953	378.07498168945	442.02697753906	442.77597045898	407.07098388672	417.43698120117	389.91598510742
2118	419.42806085803	357.37597656250	357.23797607422	378.10598754883	443.09896850586	443.85897827148	407.72998046875	418.10998535156	390.23397827148
2119	420.31855842187	357.53897094727	357.39797973633	378.13598632813	444.15795898438	444.92996215820	408.38098144531	418.77597045898	390.54797363281
2120	421.20905598760	357.69897460938	357.55499267578	378.16299438477	445.20596313477	445.98797607422	409.02597045898	419.43298339844	390.85797119141
2121	422.09955355490	357.85699462891	357.70999145508	378.18899536133	446.24096679688	447.03497314453	409.66296386719	420.08297729492	391.16397094727
2122	422.99005112236	358.01296997070	357.86297607422	378.21398925781	447.26498413086	448.06896972656	410.29296875000	420.72497558594	391.46597290039
2123	423.88054868880	358.16598510742	358.01199340820	378.23696899414	448.27597045898	449.09097290039	410.91497802734	421.35897827148	391.76397705078
2124	424.77104625415	358.31698608398	358.15997314453	378.25799560547	449.27597045898	450.10195922852	411.53097534180	421.98596191406	392.05899047852
2125	425.66154381920	358.46496582031	358.30499267578	378.27697753906	450.26397705078	451.10098266602	412.13897705078	422.60498046875	392.34896850586
2126	426.55204138477	358.61099243164	358.44796752930	378.29498291016	451.23995971680	452.08798217773	412.74096679688	423.21597290039	392.63497924805
2127	427.44253895104	358.75497436523	358.58798217773	378.31097412109	452.20498657227	453.06295776367	413.33499145508	423.81997680664	392.91699218750
2128	428.33303651759	358.89599609375	358.72598266602	378.32598876953	453.15795898438	454.02697753906	413.92297363281	424.41696166992	393.19598388672
2129	429.22353408392	359.03497314453	358.86099243164	378.33898925781	454.10098266602	454.97998046875	414.50396728516	425.00598144531	393.47097778320
2130	430.11403164983	359.17196655273	358.99398803711	378.34997558594	455.03097534180	455.92095947266	415.07797241211	425.58798217773	393.74197387695
2131	431.00452921551	359.30596923828	359.12496948242	378.35998535156	455.95095825195	456.85098266602	415.64498901367	426.16198730469	394.00897216797
2132	431.89502678125	359.43798828125	359.25396728516	378.36798095703	456.85998535156	457.76995849609	416.20596313477	426.72897338867	394.27197265625
2133	432.78552434723	359.56799316406	359.37997436523	378.37496948242	457.75796508789	458.67797851563	416.75897216797	427.28897094727	394.53198242188
2134	433.67602191340	359.69598388672	359.50497436523	378.38098144531	458.64495849609	459.57498168945	417.30697631836	427.84298706055	394.78799438477
2135	434.56651947956	359.82098388672	359.62597656250	378.38397216797	459.52096557617	460.46096801758	417.84698486328	428.38897705078	395.04098510742
2136	435.45701704559	359.94396972656	359.74597167969	378.38699340820	460.38696289063	461.33697509766	418.38198852539	428.92797851563	395.28997802734
2137	436.34751461149	360.06497192383	359.86398315430	378.38699340820	461.24096679688	462.20196533203	418.90997314453	429.45999145508	395.53497314453
2138	437.23801217737	360.18399047852	359.97897338867	378.38699340820	462.08596801758	463.05596923828	419.43096923828	429.98498535156	395.77697753906
2139	438.12850974332	360.30099487305	360.09197998047	378.38497924805	462.91998291016	463.89898681641	419.94598388672	430.50299072266	396.01498413086
2140	439.01900730935	360.41497802734	360.20297241211	378.38098144531	463.74398803711	464.73297119141	420.45498657227	431.01498413086	396.24899291992
2141	439.90950487541	360.52798461914	360.31198120117	378.37597656250	464.55697631836	465.55596923828	420.95797729492	431.51998901367	396.48098754883
2142	440.80000244144	360.63796997070	360.41796875000	378.36999511719	465.35998535156	466.36798095703	421.45397949219	432.01797485352	396.70797729492
2143	441.69050000742	360.74597167969	360.52297973633	378.36196899414	466.15298461914	467.17095947266	421.94396972656	432.50997924805	396.93298339844
2144	442.58099757337	360.85198974609	360.62597656250	378.35299682617	466.93698120117	467.96298217773	422.42898559570	432.99496459961	397.15399169922
2145	443.47149513934	360.95697021484	360.72598266602	378.34197998047	467.70996093750	468.74597167969	422.90698242188	433.47396850586	397.37097167969
2146	444.36199270533	361.05899047852	360.82397460938	378.32998657227	468.47296142578	469.51797485352	423.37896728516	433.94598388672	397.58499145508
2147	445.25249027135	361.15896606445	360.92098999023	378.31698608398	469.22698974609	470.28097534180	423.84497070313	434.41198730469	397.79598999023
2148	446.14298783736	361.25698852539	361.01498413086	378.30197143555	469.97097778320	471.03396606445	424.30499267578	434.87097167969	398.00396728516
2149	447.03348540335	361.35198974609	361.10699462891	378.28598022461	470.70596313477	471.77697753906	424.75997924805	435.32397460938	398.20797729492
2150	447.92398296933	361.44598388672	361.19699096680	378.26898193359	471.43096923828	472.50997924805	425.20797729492	435.77096557617	398.40896606445
2151	448.81448053531	361.53799438477	361.28598022461	378.24996948242	472.14596557617	473.23498535156	425.65097045898	436.21197509766	398.60699462891
2152	449.70497810130	361.62799072266	361.37197875977	378.22998046875	472.85198974609	473.94897460938	426.08798217773	436.64697265625	398.80099487305
2153	450.59547566730	361.71597290039	361.45599365234	378.20898437500	473.54898071289	474.65496826172	426.51998901367	437.07498168945	398.99197387695
2154	451.48597323330	361.80297851563	361.53897094727	378.18698120117	474.23696899414	475.35098266602	426.94497680664	437.49798583984	399.18096923828
2155	452.37647079929	361.88699340820	361.61898803711	378.16299438477	474.91598510742	476.03698730469	427.36499023438	437.91397094727	399.36499023438
2156	453.26696836528	361.96899414063	361.69699096680	378.13796997070	475.58496093750	476.71496582031	427.77996826172	438.32498168945	399.54696655273
2157	454.15746593127	362.04898071289	361.77398681641	378.11099243164	476.24597167969	477.38397216797	428.18896484375	438.72897338867	399.72598266602
2158	455.04796349726	362.12799072266	361.84896850586	378.08398437500	476.89797973633	478.04296875000	428.59197998047	439.12799072266	399.90097045898
2159	455.93846106325	362.20397949219	361.92196655273	378.05499267578	477.54098510742	478.69396972656	428.98999023438	439.52096557617	400.07296752930
2160	456.82895862924	362.27899169922	361.99197387695	378.02499389648	478.17498779297	479.33596801758	429.38296508789	439.90798950195	400.24298095703
2161	457.71945619524	362.35198974609	362.06198120117	377.99298095703	478.79998779297	479.96896362305	429.76998901367	440.28997802734	400.40896606445
2162	458.60995376123	362.42297363281	362.12896728516	377.96096801758	479.41696166992	480.59396362305	430.15197753906	440.66497802734	400.57199096680
2163	459.50045132722	362.49197387695	362.19396972656	377.92697143555	480.02597045898	481.20996093750	430.52798461914	441.03497314453	400.73199462891
2164	460.39094889321	362.55899047852	362.25799560547	377.89196777344	480.62597656250	481.81698608398	430.89996337891	441.39996337891	400.88897705078
2165	461.28144645920	362.62496948242	362.31997680664	377.85598754883	481.21697998047	482.41598510742	431.26599121094	441.75897216797	401.04296875000
2166	462.17194402519	362.68899536133	362.37997436523	377.81896972656	481.80096435547	483.00598144531	431.62698364258	442.11297607422	401.19396972656
2167	463.06244159119	362.74996948242	362.43798828125	377.78097534180	482.37597656250	483.58798217773	431.98196411133	442.46096801758	401.34197998047
2168	463.95293915718	362.81097412109	362.49398803711	377.74099731445	482.94198608398	484.16198730469	432.33297729492	442.80297851563	401.48696899414
2169	464.84343672317	362.86898803711	362.54898071289	377.70098876953	483.50097656250	484.72796630859	432.67797851563	443.14099121094	401.62896728516
2170	465.73393428916	362.92599487305	362.60198974609	377.65899658203	484.05197143555	485.28497314453	433.01898193359	443.47299194336	401.76797485352
2171	466.62443185515	362.98098754883	362.65298461914	377.61599731445	484.59497070313	485.83499145508	433.35397338867	443.79898071289	401.90496826172
2172	467.51492942114	363.03399658203	362.70297241211	377.57199096680	485.12896728516	486.37597656250	433.68496704102	444.12097167969	402.03799438477
2173	468.40542698714	363.08499145508	362.75097656250	377.52697753906	485.65597534180	486.90997314453	434.00997924805	444.43698120117	402.16897583008
2174	469.29592455313	363.13497924805	362.79699707031	377.48098754883	486.17596435547	487.43496704102	434.33099365234	444.74798583984	402.29696655273
2175	470.18642211912	363.18298339844	362.84097290039	377.43298339844	486.68698120117	487.95297241211	434.64697265625	445.05398559570	402.42196655273
2176	471.07691968511	363.22998046875	362.88397216797	377.38497924805	487.19097900391	488.46298217773	434.95797729492	445.35498046875	402.54397583008
2177	471.96741725110	363.27398681641	362.92498779297	377.33596801758	487.68698120117	488.96597290039	435.26397705078	445.65097045898	402.66299438477
2178	472.85791481710	363.31698608398	362.96499633789	377.28497314453	488.17596435547	489.46096801758	435.56497192383	445.94198608398	402.77996826172
2179	473.74841238309	363.35897827148	363.00299072266	377.23397827148	488.65798950195	489.94796752930	435.86196899414	446.22796630859	402.89398193359
2180	474.63890994908	363.39898681641	363.03897094727	377.18096923828	489.13098144531	490.42797851563	436.15399169922	446.50997924805	403.00497436523
2181	475.52940751507	363.43698120117	363.07397460938	377.12799072266	489.59799194336	490.89996337891	436.44097900391	446.78598022461	403.11297607422
2182	476.41990508106	363.47299194336	363.10699462891	377.07299804688	490.05697631836	491.36499023438	436.72396850586	447.05697631836	403.21899414063
2183	477.31040264705	363.50799560547	363.13796997070	377.01797485352	490.50997924805	491.82296752930	437.00198364258	447.32397460938	403.32199096680
2184	478.20090021305	363.54098510742	363.16796875000	376.96096801758	490.95498657227	492.27297973633	437.27597045898	447.58596801758	403.42196655273
2185	479.09139777904	363.57296752930	363.19598388672	376.90399169922	491.39297485352	492.71697998047	437.54498291016	447.84298706055	403.51998901367
2186	479.98189534503	363.60299682617	363.22299194336	376.84497070313	491.82296752930	493.15298461914	437.80899047852	448.09497070313	403.61596679688
2187	480.87239291102	363.63198852539	363.24798583984	376.78598022461	492.24697875977	493.58197021484	438.06896972656	448.34298706055	403.70797729492
2188	481.76289047701	363.65899658203	363.27197265625	376.72497558594	492.66397094727	494.00396728516	438.32498168945	448.58697509766	403.79797363281
2189	482.65338804301	363.68399047852	363.29397583008	376.66397094727	493.07498168945	494.41998291016	438.57598876953	448.82498168945	403.88598632813
2190	483.54388560900	363.70797729492	363.31497192383	376.60098266602	493.47796630859	494.82797241211	438.82296752930	449.05996704102	403.97097778320
2191	484.43438317499	363.73098754883	363.33398437500	376.53799438477	493.87496948242	495.22998046875	439.06497192383	449.28897094727	404.05398559570
2192	485.32488074098	363.75198364258	363.35198974609	376.47396850586	494.26498413086	495.62399291992	439.30398559570	449.51498413086	404.13397216797
2193	486.21537830697	363.77099609375	363.36798095703	376.40899658203	494.64797973633	496.01296997070	439.53698730469	449.73599243164	404.21096801758
2194	487.10587587296	363.78897094727	363.38299560547	376.34298706055	495.02496337891	496.39398193359	439.76696777344	449.95196533203	404.28598022461
2195	487.99637343896	363.80596923828	363.39697265625	376.27597045898	495.39498901367	496.76898193359	439.99298095703	450.16397094727	404.35897827148
2196	488.88687100495	363.82098388672	363.40798950195	376.20797729492	495.75897216797	497.13699340820	440.21398925781	450.37197875977	404.42999267578
2197	489.77736857094	363.83398437500	363.41897583008	376.13897705078	496.11596679688	497.49899291992	440.43096923828	450.57598876953	404.49798583984
2198	490.66786613693	363.84597778320	363.42797851563	376.06896972656	496.46798706055	497.85498046875	440.64398193359	450.77499389648	404.56298828125
2199	491.55836370292	363.85699462891	363.43597412109	375.99899291992	496.81198120117	498.20397949219	440.85296630859	450.96997070313	404.62698364258
2200	492.44886126891	363.86599731445	363.44198608398	375.92797851563	497.15097045898	498.54696655273	441.05798339844	451.16098022461	404.68798828125
2201	493.33935883491	363.87399291992	363.44699096680	375.85498046875	497.48297119141	498.88296508789	441.25897216797	451.34799194336	404.74597167969
2202	494.22985640090	363.87997436523	363.44998168945	375.78198242188	497.80996704102	499.21298217773	441.45599365234	451.53097534180	404.80297851563
2203	495.12035396689	363.88497924805	363.45199584961	375.70797729492	498.12997436523	499.53698730469	441.64898681641	451.70898437500	404.85699462891
2204	496.01085153288	363.88897705078	363.45297241211	375.63299560547	498.44396972656	499.85598754883	441.83798217773	451.88397216797	404.90899658203
2205	496.90134909887	363.89099121094	363.45199584961	375.55798339844	498.75198364258	500.16796875000	442.02297973633	452.05499267578	404.95797729492
2206	497.79184666487	363.89196777344	363.45098876953	375.48098754883	499.05398559570	500.47299194336	442.20397949219	452.22097778320	405.00598144531
2207	498.68234423086	363.89099121094	363.44699096680	375.40399169922	499.35098266602	500.77297973633	442.38198852539	452.38397216797	405.05099487305
2208	499.57284179685	363.88998413086	363.44299316406	375.32598876953	499.64099121094	501.06799316406	442.55499267578	452.54296875000	405.09399414063
2209	500.46333936284	363.88699340820	363.43698120117	375.24697875977	499.92596435547	501.35598754883	442.72497558594	452.69796752930	405.13497924805
2210	501.35383692883	363.88198852539	363.42999267578	375.16699218750	500.20498657227	501.63796997070	442.89099121094	452.84896850586	405.17297363281
2211	502.24433449482	363.87597656250	363.42098999023	375.08697509766	500.47897338867	501.91497802734	443.05398559570	452.99597167969	405.20999145508
2212	503.13483206082	363.86898803711	363.41198730469	375.00598144531	500.74597167969	502.18597412109	443.21197509766	453.13998413086	405.24398803711
2213	504.02532962681	363.86099243164	363.40097045898	374.92398071289	501.00796508789	502.45098876953	443.36697387695	453.27899169922	405.27697753906
2214	504.91582719280	363.85098266602	363.38796997070	374.84097290039	501.26498413086	502.71096801758	443.51898193359	453.41598510742	405.30697631836
2215	505.80632475879	363.83999633789	363.37496948242	374.75698852539	501.51599121094	502.96496582031	443.66699218750	453.54797363281	405.33499145508
2216	506.69682232478	363.82797241211	363.35998535156	374.67297363281	501.76199340820	503.21398925781	443.81097412109	453.67697143555	405.36099243164
2217	507.58731989077	363.81497192383	363.34399414063	374.58798217773	502.00198364258	503.45697021484	443.95199584961	453.80197143555	405.38497924805
2218	508.47781745677	363.79998779297	363.32699584961	374.50198364258	502.23696899414	503.69497680664	444.08898925781	453.92297363281	405.40698242188
2219	509.36831502276	363.78399658203	363.30899047852	374.41497802734	502.46697998047	503.92697143555	444.22198486328	454.04098510742	405.42697143555
2220	510.25881258875	363.76696777344	363.28897094727	374.32797241211	502.69097900391	504.15399169922	444.35296630859	454.15597534180	405.44497680664
2221	511.14931015474	363.74899291992	363.26898193359	374.23999023438	502.90997314453	504.37597656250	444.47998046875	454.26599121094	405.46096801758
2222	512.03980772073	363.72998046875	363.24697875977	374.15097045898	503.12399291992	504.59298706055	444.60296630859	454.37399291992	405.47497558594
2223	512.93030528673	363.70898437500	363.22396850586	374.06198120117	503.33297729492	504.80398559570	444.72299194336	454.47796630859	405.48696899414
2224	513.82080285272	363.68698120117	363.19897460938	373.97198486328	503.53698730469	505.00997924805	444.83999633789	454.57797241211	405.49798583984
2225	514.71130041871	363.66397094727	363.17398071289	373.88098144531	503.73599243164	505.21197509766	444.95297241211	454.67599487305	405.50598144531
2226	515.60179798470	363.63998413086	363.14797973633	373.78897094727	503.92999267578	505.40798950195	445.06298828125	454.76898193359	405.51199340820
2227	516.49229555069	363.61398315430	363.11999511719	373.69699096680	504.11798095703	505.59896850586	445.16998291016	454.85998535156	405.51696777344
2228	517.38279311668	363.58798217773	363.09097290039	373.60397338867	504.30197143555	505.78497314453	445.27297973633	454.94699096680	405.51898193359
2229	518.27329068268	363.55999755859	363.06097412109	373.51098632813	504.48098754883	505.96597290039	445.37399291992	455.03097534180	405.51998901367
2230	519.16378824867	363.53097534180	363.02996826172	373.41699218750	504.65597534180	506.14196777344	445.47097778320	455.11099243164	405.51898193359
2231	520.05428581466	363.50198364258	362.99798583984	373.32199096680	504.82498168945	506.31399536133	445.56497192383	455.18899536133	405.51599121094
2232	520.94478338065	363.47097778320	362.96499633789	373.22598266602	504.98999023438	506.47998046875	445.65496826172	455.26296997070	405.51098632813
2233	521.83528094664	363.43798828125	362.93096923828	373.12997436523	505.14999389648	506.64196777344	445.74298095703	455.33398437500	405.50497436523
2234	522.72577851263	363.40496826172	362.89498901367	373.03298950195	505.30499267578	506.79898071289	445.82797241211	455.40197753906	405.49697875977
2235	523.61627607863	363.37097167969	362.85897827148	372.93597412109	505.45599365234	506.95199584961	445.90899658203	455.46597290039	405.48599243164
2236	524.50677364462	363.33596801758	362.82098388672	372.83697509766	505.60198974609	507.09896850586	445.98797607422	455.52798461914	405.47497558594
2237	525.39727121061	363.29898071289	362.78298950195	372.73898315430	505.74298095703	507.24298095703	446.06298828125	455.58697509766	405.46096801758
2238	526.28776877660	363.26199340820	362.74298095703	372.63897705078	505.88098144531	507.38098144531	446.13497924805	455.64196777344	405.44598388672
2239	527.17826634259	363.22299194336	362.70199584961	372.53897094727	506.01296997070	507.51599121094	446.20498657227	455.69497680664	405.42898559570
2240	528.06876390859	363.18399047852	362.66098022461	372.43899536133	506.14099121094	507.64498901367	446.27099609375	455.74398803711	405.40997314453
2241	528.95926147458	363.14297485352	362.61798095703	372.33697509766	506.26498413086	507.76998901367	446.33499145508	455.79098510742	405.38897705078
2242	529.84975904057	363.10098266602	362.57397460938	372.23599243164	506.38497924805	507.89099121094	446.39498901367	455.83398437500	405.36697387695
2243	530.74025660656	363.05899047852	362.52996826172	372.13299560547	506.49996948242	508.00799560547	446.45297241211	455.87496948242	405.34298706055
2244	531.63075417255	363.01498413086	362.48397827148	372.02996826172	506.61099243164	508.11999511719	446.50799560547	455.91198730469	405.31799316406
2245	532.52125173854	362.96997070313	362.43698120117	371.92697143555	506.71697998047	508.22796630859	446.55996704102	455.94699096680	405.29098510742
2246	533.41174930454	362.92498779297	362.38998413086	371.82199096680	506.81997680664	508.33099365234	446.60897827148	455.97897338867	405.26199340820
2247	534.30224687053	362.87799072266	362.34097290039	371.71798706055	506.91796875000	508.42999267578	446.65496826172	456.00799560547	405.23199462891
2248	535.19274443652	362.82998657227	362.29098510742	371.61196899414	507.01199340820	508.52597045898	446.69897460938	456.03497314453	405.19998168945
2249	536.08324200251	362.78198242188	362.24099731445	371.50698852539	507.10198974609	508.61697387695	446.73999023438	456.05798339844	405.16598510742
2250	536.97373956850	362.73199462891	362.18899536133	371.39999389648	507.18798828125	508.70397949219	446.77798461914	456.07897949219	405.13098144531
2251	537.86423713449	362.68096923828	362.13699340820	371.29296875000	507.26998901367	508.78598022461	446.81298828125	456.09698486328	405.09399414063
2252	538.75473470049	362.62997436523	362.08398437500	371.18597412109	507.34997558594	508.86697387695	446.84698486328	456.11398315430	405.05697631836
2253	539.64523226648	362.57998657227	362.03198242188	371.07998657227	507.42898559570	508.94699096680	446.88098144531	456.13098144531	405.01998901367
2254	540.53572983247	362.52996826172	361.97998046875	370.97497558594	507.50698852539	509.02597045898	446.91397094727	456.14697265625	404.98297119141
2255	541.42622739846	362.47998046875	361.92898559570	370.87097167969	507.58499145508	509.10397338867	446.94699096680	456.16299438477	404.94699096680
2256	542.31672496445	362.43096923828	361.87799072266	370.76699829102	507.66198730469	509.18197631836	446.97998046875	456.17999267578	404.90997314453
2257	543.20722253045	362.38198852539	361.82699584961	370.66497802734	507.73898315430	509.25897216797	447.01296997070	456.19598388672	404.87399291992
2258	544.09772009644	362.33398437500	361.77697753906	370.56298828125	507.81497192383	509.33596801758	447.04498291016	456.21197509766	404.83898925781
2259	544.98821766243	362.28497314453	361.72698974609	370.46197509766	507.88998413086	509.41198730469	447.07699584961	456.22799682617	404.80297851563
2260	545.87871522842	362.23797607422	361.67697143555	370.36196899414	507.96499633789	509.48696899414	447.10897827148	456.24298095703	404.76797485352
2261	546.76921279441	362.18997192383	361.62799072266	370.26296997070	508.03897094727	509.56097412109	447.14099121094	456.25897216797	404.73397827148
2262	547.65971036040	362.14297485352	361.57998657227	370.16397094727	508.11297607422	509.63598632813	447.17297363281	456.27499389648	404.69897460938
2263	548.55020792640	362.09698486328	361.53097534180	370.06597900391	508.18597412109	509.70898437500	447.20397949219	456.28997802734	404.66497802734
2264	549.44070549239	362.04998779297	361.48297119141	369.96899414063	508.25799560547	509.78198242188	447.23498535156	456.30499267578	404.63098144531
2265	550.33120305838	362.00399780273	361.43597412109	369.87298583984	508.32998657227	509.85397338867	447.26599121094	456.32098388672	404.59698486328
2266	551.22170062437	361.95898437500	361.38897705078	369.77798461914	508.40197753906	509.92599487305	447.29598999023	456.33596801758	404.56399536133
2267	552.11219819036	361.91299438477	361.34197998047	369.68298339844	508.47198486328	509.99697875977	447.32699584961	456.35098266602	404.53097534180
2268	553.00269575635	361.86898803711	361.29498291016	369.58898925781	508.54296875000	510.06698608398	447.35699462891	456.36599731445	404.49798583984
2269	553.89319332235	361.82397460938	361.24899291992	369.49597167969	508.61196899414	510.13699340820	447.38699340820	456.38098144531	404.46597290039
2270	554.78369088834	361.77996826172	361.20397949219	369.40399169922	508.68197631836	510.20697021484	447.41699218750	456.39498901367	404.43298339844
2271	555.67418845433	361.73599243164	361.15798950195	369.31198120117	508.74996948242	510.27499389648	447.44598388672	456.40997314453	404.40097045898
2272	556.56468602032	361.69299316406	361.11297607422	369.22097778320	508.81799316406	510.34399414063	447.47598266602	456.42398071289	404.36898803711
2273	557.45518358631	361.64898681641	361.06896972656	369.13098144531	508.88598632813	510.41098022461	447.50497436523	456.43899536133	404.33798217773
2274	558.34568115231	361.60699462891	361.02398681641	369.04199218750	508.95297241211	510.47799682617	447.53298950195	456.45297241211	404.30697631836
2275	559.23617871830	361.56399536133	360.98098754883	368.95297241211	509.01898193359	510.54498291016	447.56198120117	456.46697998047	404.27597045898
2276	560.12667628429	361.52197265625	360.93698120117	368.86499023438	509.08499145508	510.61099243164	447.59097290039	456.48098754883	404.24499511719
2277	561.01717385028	361.47998046875	360.89398193359	368.77798461914	509.15097045898	510.67599487305	447.61898803711	456.49597167969	404.21398925781
2278	561.90767141627	361.43899536133	360.85098266602	368.69097900391	509.21597290039	510.74096679688	447.64697265625	456.50897216797	404.18399047852
2279	562.79816898226	361.39797973633	360.80798339844	368.60498046875	509.27996826172	510.80596923828	447.67498779297	456.52297973633	404.15399169922
2280	563.68866654826	361.35699462891	360.76599121094	368.51998901367	509.34399414063	510.86999511719	447.70199584961	456.53698730469	404.12399291992
2281	564.57916411425	361.31597900391	360.72396850586	368.43499755859	509.40798950195	510.93298339844	447.72998046875	456.55099487305	404.09497070313
2282	565.46966168024	361.27597045898	360.68298339844	368.35098266602	509.46997070313	510.99597167969	447.75698852539	456.56399536133	404.06497192383
2283	566.36015924623	361.23599243164	360.64099121094	368.26797485352	509.53298950195	511.05798339844	447.78399658203	456.57797241211	404.03598022461
2284	567.25065681222	361.19699096680	360.60098266602	368.18597412109	509.59497070313	511.11999511719	447.81097412109	456.59097290039	404.00698852539
2285	568.14115437821	361.15698242188	360.55999755859	368.10397338867	509.65597534180	511.18197631836	447.83697509766	456.60397338867	403.97897338867
2286	569.03165194421	361.11798095703	360.51998901367	368.02197265625	509.71697998047	511.24298095703	447.86398315430	456.61697387695	403.94998168945
2287	569.92214951020	361.07998657227	360.47998046875	367.94198608398	509.77798461914	511.30297851563	447.88998413086	456.63098144531	403.92199707031
2288	570.81264707619	361.04098510742	360.43997192383	367.86196899414	509.83798217773	511.36297607422	447.91598510742	456.64297485352	403.89398193359
2289	571.70314464218	361.00299072266	360.40097045898	367.78298950195	509.89697265625	511.42196655273	447.94198608398	456.65597534180	403.86697387695
2290	572.59364220817	360.96597290039	360.36196899414	367.70397949219	509.95599365234	511.48098754883	447.96798706055	456.66897583008	403.83898925781
2291	573.48413977417	360.92797851563	360.32296752930	367.62597656250	510.01498413086	511.53997802734	447.99298095703	456.68197631836	403.81198120117
2292	574.37463734016	360.89099121094	360.28497314453	367.54797363281	510.07296752930	511.59799194336	448.01797485352	456.69497680664	403.78497314453
2293	575.26513490615	360.85397338867	360.24697875977	367.47198486328	510.12997436523	511.65496826172	448.04397583008	456.70697021484	403.75799560547
2294	576.15563247214	360.81698608398	360.20898437500	367.39498901367	510.18798828125	511.71197509766	448.06799316406	456.71997070313	403.73098754883
2295	577.04613003813	360.78097534180	360.17199707031	367.31997680664	510.24398803711	511.76898193359	448.09298706055	456.73199462891	403.70498657227
2296	577.93662760412	360.74499511719	360.13397216797	367.24499511719	510.30099487305	511.82498168945	448.11798095703	456.74398803711	403.67898559570
2297	578.82712517012	360.70898437500	360.09799194336	367.16998291016	510.35699462891	511.87997436523	448.14196777344	456.75598144531	403.65298461914
2298	579.71762273611	360.67398071289	360.06097412109	367.09698486328	510.41198730469	511.93597412109	448.16598510742	456.76797485352	403.62698364258
2299	580.60812030210	360.63897705078	360.02499389648	367.02297973633	510.46697998047	511.99096679688	448.18997192383	456.77996826172	403.60198974609
2300	581.49861786809	360.60397338867	359.98898315430	366.95098876953	510.52099609375	512.04498291016	448.21398925781	456.79199218750	403.57598876953
2301	582.38911543408	360.56896972656	359.95297241211	366.87899780273	510.57498168945	512.09899902344	448.23797607422	456.80398559570	403.55099487305
2302	583.27961300007	360.53497314453	359.91699218750	366.80697631836	510.62896728516	512.15197753906	448.26098632813	456.81597900391	403.52597045898
2303	584.17011056607	360.50097656250	359.88198852539	366.73599243164	510.68197631836	512.20495605469	448.28497314453	456.82797241211	403.50097656250
2304	585.06060813206	360.46697998047	359.84698486328	366.66598510742	510.73498535156	512.25799560547	448.30798339844	456.83898925781	403.47698974609
2305	585.95110569805	360.43298339844	359.81298828125	366.59597778320	510.78799438477	512.30999755859	448.33099365234	456.85098266602	403.45297241211
2306	586.84160326404	360.39999389648	359.77798461914	366.52697753906	510.83999633789	512.36199951172	448.35299682617	456.86196899414	403.42797851563
2307	587.73210083003	360.36697387695	359.74398803711	366.45797729492	510.89099121094	512.41296386719	448.37597656250	456.87399291992	403.40399169922
2308	588.62259839602	360.33398437500	359.71096801758	366.38998413086	510.94198608398	512.46398925781	448.39797973633	456.88497924805	403.38098144531
2309	589.51309596202	360.30197143555	359.67697143555	366.32299804688	510.99298095703	512.51495361328	448.42098999023	456.89599609375	403.35699462891
2310	590.40359352801	360.26898193359	359.64398193359	366.25598144531	511.04296875000	512.56500244141	448.44299316406	456.90698242188	403.33398437500
2311	591.29409109400	360.23696899414	359.61099243164	366.18899536133	511.09298706055	512.61499023438	448.46499633789	456.91796875000	403.31097412109
2312	592.18458865999	360.20599365234	359.57797241211	366.12298583984	511.14297485352	512.66400146484	448.48696899414	456.92898559570	403.28799438477
2313	593.07508622598	360.17398071289	359.54598999023	366.05798339844	511.19198608398	512.71295166016	448.50799560547	456.93997192383	403.26498413086
2314	593.96558379197	360.14297485352	359.51296997070	365.99298095703	511.24096679688	512.76098632813	448.52996826172	456.95098876953	403.24197387695
2315	594.85608135797	360.11196899414	359.48098754883	365.92797851563	511.28897094727	512.80895996094	448.55099487305	456.96197509766	403.21997070313
2316	595.74657892396	360.08099365234	359.44998168945	365.86499023438	511.33697509766	512.85699462891	448.57199096680	456.97198486328	403.19796752930
2317	596.63707648995	360.04998779297	359.41796875000	365.80099487305	511.38497924805	512.90496826172	448.59298706055	456.98297119141	403.17599487305
2318	597.52757405594	360.01998901367	359.38699340820	365.73797607422	511.43197631836	512.95196533203	448.61398315430	456.99398803711	403.15399169922
2319	598.41807162193	359.98999023438	359.35598754883	365.67599487305	511.47897338867	512.99798583984	448.63497924805	457.00396728516	403.13198852539
2320	599.30856918793	359.95999145508	359.32498168945	365.61398315430	511.52597045898	513.04498291016	448.65496826172	457.01397705078	403.10998535156
2321	600.19906675392	359.93096923828	359.29498291016	365.55297851563	511.57199096680	513.08996582031	448.67599487305	457.02499389648	403.08898925781
2322	601.08956431991	359.90097045898	359.26498413086	365.49197387695	511.61798095703	513.13598632813	448.69598388672	457.03497314453	403.06799316406
2323	601.98006188590	359.87197875977	359.23498535156	365.43096923828	511.66299438477	513.18096923828	448.71597290039	457.04498291016	403.04699707031
2324	602.87055945189	359.84298706055	359.20498657227	365.37197875977	511.70797729492	513.22595214844	448.73599243164	457.05499267578	403.02597045898
2325	603.76105701789	359.81399536133	359.17498779297	365.31198120117	511.75299072266	513.26995849609	448.75598144531	457.06497192383	403.00497436523
2326	604.65155458388	359.78598022461	359.14599609375	365.25299072266	511.79699707031	513.31396484375	448.77499389648	457.07498168945	402.98498535156
2327	605.54205214987	359.75799560547	359.11697387695	365.19497680664	511.84097290039	513.35797119141	448.79498291016	457.08499145508	402.96499633789
2328	606.43254971586	359.72998046875	359.08798217773	365.13699340820	511.88497924805	513.40197753906	448.81399536133	457.09497070313	402.94396972656
2329	607.32304728185	359.70199584961	359.05899047852	365.07897949219	511.92797851563	513.44500732422	448.83297729492	457.10498046875	402.92398071289
2330	608.21354484784	359.67398071289	359.03097534180	365.02197265625	511.97097778320	513.48699951172	448.85198974609	457.11499023438	402.90399169922
2331	609.10404241384	359.64697265625	359.00299072266	364.96499633789	512.01397705078	513.52996826172	448.87097167969	457.12399291992	402.88497924805
2332	609.99453997983	359.61999511719	358.97497558594	364.90899658203	512.05596923828	513.57196044922	448.88998413086	457.13397216797	402.86499023438
2333	610.88503754582	359.59298706055	358.94699096680	364.85299682617	512.09796142578	513.61297607422	448.90899658203	457.14297485352	402.84597778320
2334	611.77553511181	359.56597900391	358.91998291016	364.79797363281	512.13897705078	513.65496826172	448.92697143555	457.15298461914	402.82699584961
2335	612.66603267780	359.53997802734	358.89297485352	364.74298095703	512.18096923828	513.69598388672	448.94497680664	457.16198730469	402.80798339844
2336	613.55653024379	359.51296997070	358.86599731445	364.68899536133	512.22198486328	513.73699951172	448.96398925781	457.17098999023	402.78897094727
2337	614.44702780979	359.48696899414	358.83898925781	364.63497924805	512.26196289063	513.77697753906	448.98199462891	457.18096923828	402.76998901367
2338	615.33752537578	359.46096801758	358.81198120117	364.58099365234	512.30297851563	513.81695556641	448.99996948242	457.18997192383	402.75097656250
2339	616.22802294177	359.43597412109	358.78598022461	364.52798461914	512.34295654297	513.85699462891	449.01696777344	457.19897460938	402.73297119141
2340	617.11852050776	359.40997314453	358.75997924805	364.47598266602	512.38195800781	513.89599609375	449.03497314453	457.20797729492	402.71499633789
2341	618.00901807375	359.38497924805	358.73397827148	364.42297363281	512.42199707031	513.93499755859	449.05297851563	457.21697998047	402.69699096680
2342	618.89951563975	359.35998535156	358.70797729492	364.37197875977	512.46099853516	513.97399902344	449.06997680664	457.22598266602	402.67898559570
2343	619.79001320574	359.33499145508	358.68197631836	364.31997680664	512.50000000000	514.01300048828	449.08697509766	457.23498535156	402.66098022461
2344	620.68051077173	359.30999755859	358.65698242188	364.26898193359	512.53796386719	514.05096435547	449.10498046875	457.24398803711	402.64297485352
2345	621.57100833772	359.28598022461	358.63198852539	364.21798706055	512.57598876953	514.08898925781	449.12197875977	457.25299072266	402.62597656250
2346	622.46150590371	359.26098632813	358.60699462891	364.16796875000	512.61395263672	514.12597656250	449.13796997070	457.26098632813	402.60797119141
2347	623.35200346971	359.23696899414	358.58197021484	364.11798095703	512.65197753906	514.16400146484	449.15496826172	457.26998901367	402.59097290039
2348	624.24250103570	359.21298217773	358.55697631836	364.06896972656	512.68896484375	514.20098876953	449.17199707031	457.27899169922	402.57397460938
2349	625.13299860169	359.18899536133	358.53298950195	364.01998901367	512.72595214844	514.23699951172	449.18798828125	457.28698730469	402.55697631836
2350	626.02349616768	359.16598510742	358.50897216797	363.97097778320	512.76300048828	514.27398681641	449.20498657227	457.29598999023	402.53997802734
2351	626.91399373367	359.14196777344	358.48498535156	363.92297363281	512.79901123047	514.30999755859	449.22097778320	457.30398559570	402.52297973633
2352	627.80449129966	359.11898803711	358.46096801758	363.87496948242	512.83496093750	514.34600830078	449.23696899414	457.31298828125	402.50698852539
2353	628.69498886566	359.09597778320	358.43698120117	363.82797241211	512.87097167969	514.38098144531	449.25299072266	457.32098388672	402.48999023438
2354	629.58548643165	359.07296752930	358.41397094727	363.78097534180	512.90698242188	514.41699218750	449.26898193359	457.32897949219	402.47396850586
2355	630.47598399764	359.05099487305	358.39099121094	363.73397827148	512.94195556641	514.45196533203	449.28497314453	457.33697509766	402.45797729492
2356	631.36648156363	359.02798461914	358.36798095703	363.68798828125	512.97698974609	514.48596191406	449.30099487305	457.34597778320	402.44198608398
2357	632.25697912962	359.00598144531	358.34497070313	363.64196777344	513.01196289063	514.52099609375	449.31597900391	457.35397338867	402.42599487305
2358	633.14747669561	358.98397827148	358.32199096680	363.59597778320	513.04595947266	514.55499267578	449.33197021484	457.36196899414	402.40997314453
2359	634.03797426161	358.96197509766	358.29998779297	363.55099487305	513.07995605469	514.58898925781	449.34698486328	457.36999511719	402.39398193359
2360	634.92847182760	358.93997192383	358.27697753906	363.50598144531	513.11395263672	514.62298583984	449.36196899414	457.37799072266	402.37896728516
2361	635.81896939359	358.91897583008	358.25497436523	363.46197509766	513.14801025391	514.65600585938	449.37799072266	457.38598632813	402.36398315430
2362	636.70946695958	358.89697265625	358.23297119141	363.41796875000	513.18096923828	514.68896484375	449.39297485352	457.39398193359	402.34799194336
2363	637.59996452557	358.87597656250	358.21096801758	363.37399291992	513.21496582031	514.72198486328	449.40698242188	457.40097045898	402.33297729492
2364	638.49046209157	358.85498046875	358.18997192383	363.33099365234	513.24700927734	514.75500488281	449.42199707031	457.40899658203	402.31799316406
2365	639.38095965756	358.83398437500	358.16796875000	363.28698730469	513.27996826172	514.78698730469	449.43698120117	457.41699218750	402.30297851563
2366	640.27145722355	358.81298828125	358.14697265625	363.24499511719	513.31201171875	514.81896972656	449.45098876953	457.42498779297	402.28897094727
2367	641.16195478954	358.79199218750	358.12597656250	363.20199584961	513.34399414063	514.85095214844	449.46597290039	457.43197631836	402.27398681641
2368	642.05245235553	358.77197265625	358.10498046875	363.15997314453	513.37597656250	514.88195800781	449.47998046875	457.43997192383	402.25897216797
2369	642.94294992153	358.75198364258	358.08398437500	363.11898803711	513.40795898438	514.91400146484	449.49499511719	457.44699096680	402.24499511719
2370	643.83344748752	358.73199462891	358.06399536133	363.07699584961	513.43896484375	514.94500732422	449.50897216797	457.45498657227	402.23098754883
2371	644.72394505351	358.71197509766	358.04296875000	363.03598022461	513.46997070313	514.97595214844	449.52297973633	457.46197509766	402.21697998047
2372	645.61444261950	358.69198608398	358.02297973633	362.99597167969	513.50097656250	515.00598144531	449.53698730469	457.46997070313	402.20297241211
2373	646.50494018549	358.67199707031	358.00299072266	362.95498657227	513.53198242188	515.03698730469	449.55099487305	457.47698974609	402.18899536133
2374	647.39543775149	358.65298461914	357.98297119141	362.91497802734	513.56201171875	515.06695556641	449.56399536133	457.48397827148	402.17498779297
2375	648.28593531748	358.63299560547	357.96298217773	362.87496948242	513.59295654297	515.09698486328	449.57797241211	457.49099731445	402.16098022461
2376	649.17643288347	358.61398315430	357.94396972656	362.83596801758	513.62298583984	515.12695312500	449.59097290039	457.49899291992	402.14797973633
2377	650.06693044946	358.59497070313	357.92398071289	362.79699707031	513.65197753906	515.15600585938	449.60498046875	457.50598144531	402.13397216797
2378	650.95742801545	358.57598876953	357.90496826172	362.75799560547	513.68200683594	515.18499755859	449.61798095703	457.51296997070	402.12097167969
2379	651.84792558145	358.55798339844	357.88598632813	362.71997070313	513.71099853516	515.21398925781	449.63098144531	457.51998901367	402.10797119141
2380	652.73842314744	358.53897094727	357.86697387695	362.68197631836	513.73999023438	515.24298095703	449.64498901367	457.52697753906	402.09399414063
2381	653.62892071343	358.51998901367	357.84799194336	362.64398193359	513.76898193359	515.27197265625	449.65798950195	457.53399658203	402.08099365234
2382	654.51941827942	358.50198364258	357.82897949219	362.60598754883	513.79699707031	515.29998779297	449.67098999023	457.54098510742	402.06799316406
2383	655.40991584541	358.48397827148	357.81097412109	362.56896972656	513.82598876953	515.32800292969	449.68298339844	457.54797363281	402.05596923828
2384	656.30041341141	358.46597290039	357.79199218750	362.53198242188	513.85400390625	515.35595703125	449.69598388672	457.55499267578	402.04296875000
2385	657.19091097740	358.44796752930	357.77398681641	362.49499511719	513.88195800781	515.38397216797	449.70898437500	457.56198120117	402.02996826172
2386	658.08140854339	358.42999267578	357.75598144531	362.45898437500	513.90997314453	515.41101074219	449.72097778320	457.56799316406	402.01797485352
2387	658.97190610938	358.41299438477	357.73797607422	362.42297363281	513.93701171875	515.43798828125	449.73397827148	457.57498168945	402.00497436523
2388	659.86240367537	358.39498901367	357.71997070313	362.38699340820	513.96398925781	515.46496582031	449.74597167969	457.58197021484	401.99298095703
2389	660.75290124136	358.37799072266	357.70199584961	362.35198974609	513.99096679688	515.49200439453	449.75799560547	457.58798217773	401.98098754883
2390	661.64339880736	358.36099243164	357.68499755859	362.31698608398	514.01800537109	515.51898193359	449.77099609375	457.59497070313	401.96899414063
2391	662.53389637335	358.34399414063	357.66796875000	362.28198242188	514.04498291016	515.54498291016	449.78298950195	457.60198974609	401.95697021484
2392	663.42439393934	358.32699584961	357.64999389648	362.24697875977	514.07098388672	515.57098388672	449.79498291016	457.60797119141	401.94497680664
2393	664.31489150533	358.30999755859	357.63299560547	362.21298217773	514.09796142578	515.59698486328	449.80697631836	457.61499023438	401.93298339844
2394	665.20538907132	358.29397583008	357.61599731445	362.17898559570	514.12396240234	515.62298583984	449.81896972656	457.62097167969	401.92199707031
2395	666.09588663732	358.27697753906	357.59896850586	362.14498901367	514.14898681641	515.64898681641	449.82998657227	457.62698364258	401.90997314453
2396	666.98638420331	358.26098632813	357.58297729492	362.11196899414	514.17498779297	515.67401123047	449.84197998047	457.63397216797	401.89898681641
2397	667.87688176930	358.24398803711	357.56597900391	362.07797241211	514.20098876953	515.70001220703	449.85397338867	457.63998413086	401.88699340820
2398	668.76737933529	358.22799682617	357.54998779297	362.04598999023	514.22595214844	515.72497558594	449.86499023438	457.64599609375	401.87597656250
2399	669.65787690128	358.21197509766	357.53298950195	362.01296997070	514.25097656250	515.74896240234	449.87698364258	457.65298461914	401.86499023438
2400	670.54837446728	358.19598388672	357.51696777344	361.97998046875	514.27600097656	515.77398681641	449.88796997070	457.65899658203	401.85299682617
2401	671.43887203327	358.18096923828	357.50097656250	361.94796752930	514.29998779297	515.79901123047	449.89898681641	457.66497802734	401.84197998047
2402	672.32936959926	358.16497802734	357.48498535156	361.91598510742	514.32501220703	515.82299804688	449.90997314453	457.67098999023	401.83197021484
2403	673.21986716525	358.14999389648	357.46997070313	361.88497924805	514.34899902344	515.84698486328	449.92098999023	457.67697143555	401.82098388672
2404	674.11036473124	358.13397216797	357.45397949219	361.85299682617	514.37298583984	515.87097167969	449.93197631836	457.68399047852	401.80999755859
2405	675.00086229724	358.11898803711	357.43798828125	361.82199096680	514.39697265625	515.89398193359	449.94299316406	457.68997192383	401.79898071289
2406	675.89135986323	358.10397338867	357.42297363281	361.79098510742	514.42095947266	515.91796875000	449.95397949219	457.69598388672	401.78897094727
2407	676.78185742922	358.08898925781	357.40798950195	361.76098632813	514.44500732422	515.94097900391	449.96499633789	457.70199584961	401.77798461914
2408	677.67235499521	358.07397460938	357.39297485352	361.72998046875	514.46795654297	515.96496582031	449.97598266602	457.70797729492	401.76797485352
2409	678.56285256120	358.05899047852	357.37799072266	361.69998168945	514.49096679688	515.98797607422	449.98599243164	457.71298217773	401.75799560547
2410	679.45335012720	358.04397583008	357.36297607422	361.66998291016	514.51397705078	516.01000976563	449.99697875977	457.71899414063	401.74697875977
2411	680.34384769319	358.02996826172	357.34799194336	361.64099121094	514.53698730469	516.03295898438	450.00698852539	457.72497558594	401.73696899414
2412	681.23434525918	358.01599121094	357.33297729492	361.61099243164	514.55999755859	516.05499267578	450.01797485352	457.73098754883	401.72698974609
2413	682.12484282517	358.00097656250	357.31896972656	361.58197021484	514.58197021484	516.07800292969	450.02798461914	457.73696899414	401.71697998047
2414	683.01534039116	357.98696899414	357.30398559570	361.55297851563	514.60498046875	516.09997558594	450.03799438477	457.74298095703	401.70697021484
2415	683.90583795716	357.97299194336	357.28997802734	361.52499389648	514.62695312500	516.12200927734	450.04797363281	457.74798583984	401.69796752930
2416	684.79633552315	357.95898437500	357.27597045898	361.49597167969	514.64898681641	516.14398193359	450.05798339844	457.75396728516	401.68798828125
2417	685.68683308914	357.94497680664	357.26199340820	361.46798706055	514.67095947266	516.16497802734	450.06799316406	457.75997924805	401.67797851563
2418	686.57733065513	357.93096923828	357.24798583984	361.43997192383	514.69195556641	516.18701171875	450.07797241211	457.76498413086	401.66897583008
2419	687.46782822112	357.91796875000	357.23397827148	361.41198730469	514.71398925781	516.20800781250	450.08798217773	457.77099609375	401.65899658203
2420	688.35832578711	357.90399169922	357.21997070313	361.38497924805	514.73498535156	516.22900390625	450.09799194336	457.77597045898	401.64999389648
2421	689.24882335311	357.89099121094	357.20599365234	361.35797119141	514.75598144531	516.25000000000	450.10797119141	457.78198242188	401.63998413086
2422	690.13932091910	357.87698364258	357.19299316406	361.32998657227	514.77697753906	516.27099609375	450.11697387695	457.78698730469	401.63098144531
2423	691.02981848509	357.86398315430	357.17999267578	361.30398559570	514.79797363281	516.29199218750	450.12698364258	457.79296875000	401.62197875977
2424	691.92031605108	357.85098266602	357.16598510742	361.27697753906	514.81896972656	516.31201171875	450.13598632813	457.79797363281	401.61297607422
2425	692.81081361707	357.83798217773	357.15298461914	361.25097656250	514.83996582031	516.33300781250	450.14599609375	457.80398559570	401.60397338867
2426	693.70131118307	357.82498168945	357.13998413086	361.22396850586	514.85998535156	516.35296630859	450.15496826172	457.80899047852	401.59497070313
2427	694.59180874906	357.81198120117	357.12698364258	361.19796752930	514.88000488281	516.37298583984	450.16397094727	457.81399536133	401.58596801758
2428	695.48230631505	357.79998779297	357.11398315430	361.17297363281	514.89996337891	516.39300537109	450.17398071289	457.81997680664	401.57699584961
2429	696.37280388104	357.78698730469	357.10098266602	361.14697265625	514.91998291016	516.41296386719	450.18298339844	457.82498168945	401.56896972656
2430	697.26330144703	357.77499389648	357.08898925781	361.12197875977	514.94000244141	516.43200683594	450.19198608398	457.82998657227	401.55999755859
2431	698.15379901303	357.76199340820	357.07598876953	361.09698486328	514.95996093750	516.45196533203	450.20098876953	457.83499145508	401.55197143555
2432	699.04429657902	357.74996948242	357.06399536133	361.07199096680	514.97900390625	516.47100830078	450.20999145508	457.84097290039	401.54296875000
2433	699.93479414501	357.73797607422	357.05099487305	361.04699707031	514.99896240234	516.48999023438	450.21899414063	457.84597778320	401.53497314453
2434	700.82529171100	357.72598266602	357.03897094727	361.02197265625	515.01800537109	516.50897216797	450.22799682617	457.85098266602	401.52597045898
2435	701.71578927699	357.71398925781	357.02697753906	360.99798583984	515.03698730469	516.52795410156	450.23696899414	457.85598754883	401.51797485352
2436	702.60628684299	357.70199584961	357.01498413086	360.97396850586	515.05596923828	516.54699707031	450.24499511719	457.86099243164	401.50997924805
2437	703.49678440898	357.68997192383	357.00299072266	360.94998168945	515.07397460938	516.56500244141	450.25396728516	457.86599731445	401.50198364258
2438	704.38728197497	357.67797851563	356.99099731445	360.92599487305	515.09295654297	516.58398437500	450.26199340820	457.87097167969	401.49398803711
2439	705.27777954096	357.66598510742	356.97897338867	360.90298461914	515.11199951172	516.60198974609	450.27099609375	457.87597656250	401.48599243164
2440	706.16827710695	357.65496826172	356.96798706055	360.87997436523	515.13000488281	516.61999511719	450.27899169922	457.88098144531	401.47799682617
2441	707.05877467294	357.64297485352	356.95599365234	360.85598754883	515.14801025391	516.63800048828	450.28799438477	457.88598632813	401.46997070313
2442	707.94927223894	357.63198852539	356.94497680664	360.83297729492	515.16595458984	516.65600585938	450.29598999023	457.89099121094	401.46197509766
2443	708.83976980493	357.62097167969	356.93298339844	360.81097412109	515.18395996094	516.67401123047	450.30398559570	457.89599609375	401.45498657227
2444	709.73026737092	357.60998535156	356.92199707031	360.78799438477	515.20196533203	516.69195556641	450.31298828125	457.90097045898	401.44699096680
2445	710.62076493691	357.59896850586	356.91098022461	360.76599121094	515.21997070313	516.70898437500	450.32098388672	457.90597534180	401.43899536133
2446	711.51126250290	357.58798217773	356.89999389648	360.74398803711	515.23699951172	516.72698974609	450.32897949219	457.91098022461	401.43197631836
2447	712.40176006890	357.57699584961	356.88897705078	360.72198486328	515.25500488281	516.74395751953	450.33697509766	457.91497802734	401.42398071289
2448	713.29225763489	357.56597900391	356.87799072266	360.69998168945	515.27197265625	516.76098632813	450.34497070313	457.91998291016	401.41699218750
2449	714.18275520088	357.55499267578	356.86697387695	360.67797851563	515.28900146484	516.77795410156	450.35299682617	457.92498779297	401.40997314453
2450	715.07325276687	357.54397583008	356.85598754883	360.65698242188	515.30596923828	516.79498291016	450.36099243164	457.92999267578	401.40197753906
2451	715.96375033286	357.53399658203	356.84497070313	360.63497924805	515.32299804688	516.81201171875	450.36898803711	457.93399047852	401.39498901367
2452	716.85424789886	357.52297973633	356.83499145508	360.61398315430	515.33996582031	516.82800292969	450.37597656250	457.93899536133	401.38796997070
2453	717.74474546485	357.51296997070	356.82397460938	360.59298706055	515.35699462891	516.84497070313	450.38397216797	457.94396972656	401.38098144531
2454	718.63524303084	357.50299072266	356.81399536133	360.57296752930	515.37298583984	516.86096191406	450.39196777344	457.94796752930	401.37399291992
2455	719.52574059683	357.49197387695	356.80398559570	360.55197143555	515.38995361328	516.87799072266	450.39898681641	457.95297241211	401.36697387695
2456	720.41623816282	357.48199462891	356.79296875000	360.53097534180	515.40600585938	516.89398193359	450.40698242188	457.95797729492	401.35998535156
2457	721.30673572882	357.47198486328	356.78298950195	360.51098632813	515.42199707031	516.90997314453	450.41397094727	457.96197509766	401.35299682617
2458	722.19723329481	357.46197509766	356.77297973633	360.49099731445	515.43798828125	516.92596435547	450.42199707031	457.96697998047	401.34597778320
2459	723.08773086080	357.45199584961	356.76296997070	360.47097778320	515.45397949219	516.94195556641	450.42898559570	457.97097778320	401.33999633789
2460	723.97822842679	357.44198608398	356.75299072266	360.45098876953	515.46997070313	516.95697021484	450.43698120117	457.97598266602	401.33297729492
2461	724.86872599278	357.43298339844	356.74398803711	360.43197631836	515.48596191406	516.97296142578	450.44396972656	457.97998046875	401.32598876953
2462	725.75922355878	357.42297363281	356.73397827148	360.41198730469	515.50097656250	516.98797607422	450.45098876953	457.98498535156	401.31997680664
2463	726.64972112477	357.41299438477	356.72396850586	360.39297485352	515.51696777344	517.00396728516	450.45797729492	457.98898315430	401.31298828125
2464	727.54021869076	357.40399169922	356.71499633789	360.37399291992	515.53198242188	517.01898193359	450.46499633789	457.99298095703	401.30697631836
2465	728.43071625675	357.39398193359	356.70498657227	360.35498046875	515.54699707031	517.03399658203	450.47198486328	457.99798583984	401.30099487305
2466	729.32121382274	357.38497924805	356.69598388672	360.33596801758	515.56201171875	517.04901123047	450.47897338867	458.00198364258	401.29397583008
2467	730.21171138873	357.37597656250	356.68597412109	360.31799316406	515.57696533203	517.06396484375	450.48599243164	458.00698852539	401.28799438477
2468	731.10220895473	357.36697387695	356.67697143555	360.29898071289	515.59197998047	517.07897949219	450.49298095703	458.01098632813	401.28198242188
2469	731.99270652072	357.35699462891	356.66796875000	360.28097534180	515.60699462891	517.09295654297	450.49996948242	458.01498413086	401.27597045898
2470	732.88320408671	357.34799194336	356.65899658203	360.26296997070	515.62200927734	517.10797119141	450.50698852539	458.01898193359	401.26998901367
2471	733.77370165270	357.33898925781	356.64999389648	360.24499511719	515.63696289063	517.12200927734	450.51397705078	458.02398681641	401.26296997070
2472	734.66419921869	357.32998657227	356.64099121094	360.22698974609	515.65100097656	517.13696289063	450.52099609375	458.02798461914	401.25698852539
2473	735.55469678469	357.32199096680	356.63198852539	360.20898437500	515.66497802734	517.15100097656	450.52697753906	458.03198242188	401.25198364258
2474	736.44519435068	357.31298828125	356.62298583984	360.19198608398	515.67999267578	517.16497802734	450.53399658203	458.03598022461	401.24597167969
2475	737.33569191667	357.30398559570	356.61398315430	360.17398071289	515.69396972656	517.17895507813	450.53997802734	458.04098510742	401.23999023438
2476	738.22618948266	357.29498291016	356.60598754883	360.15698242188	515.70800781250	517.19299316406	450.54699707031	458.04498291016	401.23397827148
2477	739.11668704865	357.28698730469	356.59698486328	360.13998413086	515.72198486328	517.20697021484	450.55297851563	458.04898071289	401.22799682617
2478	740.00718461465	357.27798461914	356.58898925781	360.12298583984	515.73596191406	517.22100830078	450.55996704102	458.05297851563	401.22299194336
2479	740.89768218064	357.26998901367	356.57998657227	360.10598754883	515.75000000000	517.23498535156	450.56597900391	458.05697631836	401.21697998047
2480	741.78817974663	357.26199340820	356.57199096680	360.08898925781	515.76300048828	517.24798583984	450.57296752930	458.06097412109	401.21096801758
2481	742.67867731262	357.25299072266	356.56298828125	360.07296752930	515.77697753906	517.26196289063	450.57897949219	458.06497192383	401.20599365234
2482	743.56917487861	357.24499511719	356.55499267578	360.05596923828	515.78997802734	517.27496337891	450.58499145508	458.06896972656	401.19998168945
2483	744.45967244461	357.23696899414	356.54699707031	360.03997802734	515.80395507813	517.28796386719	450.59197998047	458.07296752930	401.19497680664
2484	745.35017001060	357.22897338867	356.53897094727	360.02398681641	515.81695556641	517.30096435547	450.59799194336	458.07699584961	401.18899536133
2485	746.24066757659	357.22097778320	356.53097534180	360.00799560547	515.82995605469	517.31396484375	450.60397338867	458.08099365234	401.18399047852
2486	747.13116514258	357.21298217773	356.52297973633	359.99197387695	515.84295654297	517.32696533203	450.60998535156	458.08499145508	401.17898559570
2487	748.02166270857	357.20498657227	356.51498413086	359.97598266602	515.85595703125	517.33996582031	450.61599731445	458.08898925781	401.17398071289
2488	748.91216027457	357.19699096680	356.50698852539	359.96096801758	515.86895751953	517.35296630859	450.62197875977	458.09298706055	401.16796875000
2489	749.80265784056	357.18899536133	356.49899291992	359.94497680664	515.88195800781	517.36596679688	450.62799072266	458.09698486328	401.16299438477
2490	750.69315540655	357.18096923828	356.49197387695	359.92999267578	515.89495849609	517.37896728516	450.63397216797	458.10098266602	401.15798950195
2491	751.58365297254	357.17398071289	356.48397827148	359.91497802734	515.90698242188	517.39099121094	450.63998413086	458.10498046875	401.15298461914
2492	752.47415053853	357.16598510742	356.47598266602	359.89999389648	515.91998291016	517.40399169922	450.64599609375	458.10897827148	401.14797973633
2493	753.36464810453	357.15899658203	356.46899414063	359.88497924805	515.93200683594	517.41595458984	450.65097045898	458.11297607422	401.14297485352
2494	754.25514567052	357.15097045898	356.46096801758	359.86999511719	515.94500732422	517.42797851563	450.65698242188	458.11599731445	401.13796997070
2495	755.14564323651	357.14398193359	356.45397949219	359.85498046875	515.95697021484	517.44000244141	450.66299438477	458.11999511719	401.13299560547
2496	756.03614080250	357.13598632813	356.44699096680	359.84097290039	515.96899414063	517.45196533203	450.66897583008	458.12399291992	401.12799072266
2497	756.92663836849	357.12896728516	356.43899536133	359.82598876953	515.98095703125	517.46398925781	450.67398071289	458.12799072266	401.12399291992
2498	757.81713593449	357.12197875977	356.43197631836	359.81198120117	515.99298095703	517.47595214844	450.67999267578	458.13198852539	401.11898803711
2499	758.70763350048	357.11499023438	356.42498779297	359.79797363281	516.00500488281	517.48797607422	450.68496704102	458.13497924805	401.11398315430
2500	759.59813106647	357.11099243164	356.42199707031	359.78997802734	516.01098632813	517.49395751953	450.68798828125	458.13699340820	401.11196899414
